"D:/OneDrive - La Horde/B2/Quetes/Q7_Portal/Q7_Portal/Q7_Poral/Q7_Poral.uproject" 1
"../../../../../OneDrive - La Horde/B2/Quetes/Q7_Portal/Q7_Portal/Q7_Poral/Binaries/Win64/UnrealEditor.modules" 2
"../../../Engine/Plugins/AudioGameplay/AudioGameplay.uplugin" 3
"../../../Engine/Plugins/AudioGameplayVolume/AudioGameplayVolume.uplugin" 4
"../../../Engine/Plugins/BlueprintFileUtils/BlueprintFileUtils.uplugin" 5
"../../../Engine/Plugins/AudioInsights/AudioInsights.uplugin" 6
"../../../Engine/Plugins/ChaosClothAsset/ChaosClothAsset.uplugin" 7
"../../../Engine/Plugins/Bridge/Bridge.uplugin" 8
"../../../Engine/Plugins/ChaosCloth/ChaosCloth.uplugin" 9
"../../../Engine/Plugins/ChaosClothAssetEditor/ChaosClothAssetEditor.uplugin" 10
"../../../Engine/Plugins/ChaosVD/ChaosVD.uplugin" 11
"../../../Engine/Plugins/Chooser/Chooser.uplugin" 12
"../../../Engine/Plugins/CmdLinkServer/CmdLinkServer.uplugin" 13
"../../../Engine/Plugins/DiscoveryBeaconReceiver/DiscoveryBeaconReceiver.uplugin" 14
"../../../Engine/Plugins/Fab/Fab.uplugin" 15
"../../../Engine/Plugins/FastBuildController/FastBuildController.uplugin" 16
"../../../Engine/Plugins/EnhancedInput/EnhancedInput.uplugin" 17
"../../../Engine/Plugins/LightWeightInstancesEditor/LightWeightInstancesEditor.uplugin" 18
"../../../Engine/Plugins/MemoryUsageQueries/MemoryUsageQueries.uplugin" 19
"../../../Engine/Plugins/MeshPainting/MeshPainting.uplugin" 20
"../../../Engine/Plugins/JsonBlueprintUtilities/JsonBlueprintUtilities.uplugin" 21
"../../../Engine/Plugins/Mutable/Mutable.uplugin" 22
"../../../Engine/Plugins/PCG/PCG.uplugin" 23
"../../../Engine/Plugins/RenderGraphInsights/RenderGraphInsights.uplugin" 24
"../../../Engine/Plugins/ScriptPlugin/ScriptPlugin.uplugin" 25
"../../../Engine/Plugins/UbaController/UbaController.uplugin" 26
"../../../Engine/Plugins/TraceUtilities/TraceUtilities.uplugin" 27
"../../../Engine/Plugins/WorldMetrics/WorldMetrics.uplugin" 28
"../../../Engine/Plugins/XGEController/XGEController.uplugin" 29
"../../../Engine/Plugins/Developer/AnimationSharing/AnimationSharing.uplugin" 30
"../../../Engine/Plugins/Compression/OodleNetwork/OodleNetwork.uplugin" 31
"../../../Engine/Plugins/Developer/BlankPlugin/BlankPlugin.uplugin" 32
"../../../Engine/Plugins/Developer/CLionSourceCodeAccess/CLionSourceCodeAccess.uplugin" 33
"../../../Engine/Plugins/Developer/CodeLiteSourceCodeAccess/CodeLiteSourceCodeAccess.uplugin" 34
"../../../Engine/Plugins/Developer/DumpGPUServices/DumpGPUServices.uplugin" 35
"../../../Engine/Plugins/Developer/FieldNotificationTrace/FieldNotificationTrace.uplugin" 36
"../../../Engine/Plugins/Developer/KDevelopSourceCodeAccess/KDevelopSourceCodeAccess.uplugin" 37
"../../../Engine/Plugins/Developer/OneSkyLocalizationService/OneSkyLocalizationService.uplugin" 38
"../../../Engine/Plugins/Developer/NullSourceCodeAccess/NullSourceCodeAccess.uplugin" 39
"../../../Engine/Plugins/Developer/N10XSourceCodeAccess/N10XSourceCodeAccess.uplugin" 40
"../../../Engine/Plugins/Developer/GitSourceControl/GitSourceControl.uplugin" 41
"../../../Engine/Plugins/Developer/PerforceSourceControl/PerforceSourceControl.uplugin" 42
"../../../Engine/Plugins/Developer/PixWinPlugin/PixWinPlugin.uplugin" 43
"../../../Engine/Plugins/Developer/PropertyAccessNode/PropertyAccessNode.uplugin" 44
"../../../Engine/Plugins/Developer/RenderDocPlugin/RenderDocPlugin.uplugin" 45
"../../../Engine/Plugins/Developer/RiderSourceCodeAccess/RiderSourceCodeAccess.uplugin" 46
"../../../Engine/Plugins/Developer/SubversionSourceControl/SubversionSourceControl.uplugin" 47
"../../../Engine/Plugins/Developer/TextureFormatOodle/TextureFormatOodle.uplugin" 48
"../../../Engine/Plugins/Developer/TraceSourceFiltering/TraceSourceFilters.uplugin" 49
"../../../Engine/Plugins/Developer/PlasticSourceControl/PlasticSourceControl.uplugin" 50
"../../../Engine/Plugins/Developer/UObjectPlugin/UObjectPlugin.uplugin" 51
"../../../Engine/Plugins/Developer/TraceDataFiltering/TraceDataFilters.uplugin" 52
"../../../Engine/Plugins/Developer/VisualStudioCodeSourceCodeAccess/VisualStudioCodeSourceCodeAccess.uplugin" 53
"../../../Engine/Plugins/Developer/VisualStudioSourceCodeAccess/VisualStudioSourceCodeAccess.uplugin" 54
"../../../Engine/Plugins/Developer/XCodeSourceCodeAccess/XCodeSourceCodeAccess.uplugin" 55
"../../../Engine/Plugins/Developer/XcodeGPUDebuggerPlugin/XcodeGPUDebuggerPlugin.uplugin" 56
"../../../Engine/Plugins/Enterprise/AxFImporter/AxFImporter.uplugin" 57
"../../../Engine/Plugins/Enterprise/DatasmithC4DImporter/DatasmithC4DImporter.uplugin" 58
"../../../Engine/Plugins/Enterprise/DataprepEditor/DataprepEditor.uplugin" 59
"../../../Engine/Plugins/Enterprise/DatasmithCADImporter/DatasmithCADImporter.uplugin" 60
"../../../Engine/Plugins/Enterprise/DatasmithContent/DatasmithContent.uplugin" 61
"../../../Engine/Plugins/Enterprise/DatasmithFBXImporter/DatasmithFBXImporter.uplugin" 62
"../../../Engine/Plugins/Enterprise/DatasmithImporter/DatasmithImporter.uplugin" 63
"../../../Engine/Plugins/Enterprise/GLTFExporter/GLTFExporter.uplugin" 64
"../../../Engine/Plugins/Enterprise/LidarPointCloud/LidarPointCloud.uplugin" 65
"../../../Engine/Plugins/Enterprise/MDLImporter/MDLImporter.uplugin" 66
"../../../Engine/Plugins/Enterprise/VariantManagerContent/VariantManagerContent.uplugin" 67
"../../../Engine/Plugins/Importers/AlembicHairImporter/AlembicHairImporter.uplugin" 68
"../../../Engine/Plugins/Importers/USDImporter/USDImporter.uplugin" 69
"../../../Engine/Plugins/Importers/AlembicImporter/AlembicImporter.uplugin" 70
"../../../Engine/Plugins/Importers/USDMultiUser/USDMultiUser.uplugin" 71
"../../../Engine/Plugins/Enterprise/VariantManager/VariantManager.uplugin" 72
"../../../Engine/Plugins/Media/AjaMedia/AjaMedia.uplugin" 73
"../../../Engine/Plugins/Media/AndroidMedia/AndroidMedia.uplugin" 74
"../../../Engine/Plugins/Media/AppleProResMedia/AppleProResMedia.uplugin" 75
"../../../Engine/Plugins/Media/AndroidCamera/AndroidCamera.uplugin" 76
"../../../Engine/Plugins/Media/AppleProResDecoderElectra/AppleProResDecoderElectra.uplugin" 77
"../../../Engine/Plugins/Media/AudioCaptureTimecodeProvider/AudioCaptureTimecodeProvider.uplugin" 78
"../../../Engine/Plugins/Media/BinkMedia/BinkMedia.uplugin" 79
"../../../Engine/Plugins/Media/AvidDNxMedia/AvidDNxMedia.uplugin" 80
"../../../Engine/Plugins/Media/BlackmagicMedia/BlackmagicMedia.uplugin" 81
"../../../Engine/Plugins/Media/AvidDNxHDDecoderElectra/AvidDNxHDDecoderElectra.uplugin" 82
"../../../Engine/Plugins/Media/AvfMedia/AvfMedia.uplugin" 83
"../../../Engine/Plugins/Media/ElectraPlayer/ElectraPlayer.uplugin" 84
"../../../Engine/Plugins/Media/D3D12VideoDecodersElectra/D3D12VideoDecodersElectra.uplugin" 85
"../../../Engine/Plugins/Media/ElectraUtil/ElectraUtil.uplugin" 86
"../../../Engine/Plugins/Media/ElectraSubtitles/ElectraSubtitles.uplugin" 87
"../../../Engine/Plugins/Media/FlacDecoderElectra/FlacDecoderElectra.uplugin" 88
"../../../Engine/Plugins/Media/HAPDecoderElectra/HAPDecoderElectra.uplugin" 89
"../../../Engine/Plugins/Media/HardwareEncoders/HardwareEncoders.uplugin" 90
"../../../Engine/Plugins/Media/HAPMedia/HAPMedia.uplugin" 91
"../../../Engine/Plugins/Media/ImgMedia/ImgMedia.uplugin" 92
"../../../Engine/Plugins/Media/LinearTimecode/LinearTimecode.uplugin" 93
"../../../Engine/Plugins/Media/MediaFrameworkUtilities/MediaFrameworkUtilities.uplugin" 94
"../../../Engine/Plugins/Media/MediaCompositing/MediaCompositing.uplugin" 95
"../../../Engine/Plugins/Media/MediaPlate/MediaPlate.uplugin" 96
"../../../Engine/Plugins/Media/MediaIOFramework/MediaIOFramework.uplugin" 97
"../../../Engine/Plugins/Media/MediaPlayerEditor/MediaPlayerEditor.uplugin" 98
"../../../Engine/Plugins/Media/NDIMedia/NDIMedia.uplugin" 99
"../../../Engine/Plugins/Media/MfMedia/MfMedia.uplugin" 100
"../../../Engine/Plugins/Developer/PluginUtils/PluginUtils.uplugin" 101
"../../../Engine/Plugins/Media/MediaMovieStreamer/MediaMovieStreamer.uplugin" 102
"../../../Engine/Plugins/Media/OpusDecoderElectra/OpusDecoderElectra.uplugin" 103
"../../../Engine/Plugins/Media/PixelCapture/PixelCapture.uplugin" 104
"../../../Engine/Plugins/Media/PixelStreaming/PixelStreaming.uplugin" 105
"../../../Engine/Plugins/Media/PixelStreaming2/PixelStreaming2.uplugin" 106
"../../../Engine/Plugins/Media/VPxDecoderElectra/VPxDecoderElectra.uplugin" 107
"../../../Engine/Plugins/Media/WmfMedia/WmfMedia.uplugin" 108
"../../../Engine/Plugins/Media/TimecodeSynchronizer/TimecodeSynchronizer.uplugin" 109
"../../../Engine/Plugins/Messaging/TcpMessaging/TcpMessaging.uplugin" 110
"../../../Engine/Plugins/Messaging/MessagingDebugger/MessagingDebugger.uplugin" 111
"../../../Engine/Plugins/Online/EOSShared/EOSShared.uplugin" 112
"../../../Engine/Plugins/Messaging/UdpMessaging/UdpMessaging.uplugin" 113
"../../../Engine/Plugins/Online/EOSOverlayInputProvider/EOSOverlayInputProvider.uplugin" 114
"../../../Engine/Plugins/Online/OnlineServices/OnlineServices.uplugin" 115
"../../../Engine/Plugins/Online/OnlineServicesEOS/OnlineServicesEOS.uplugin" 116
"../../../Engine/Plugins/Media/WebMMedia/WebMMedia.uplugin" 117
"../../../Engine/Plugins/Online/OnlineFramework/OnlineFramework.uplugin" 118
"../../../Engine/Plugins/Online/OnlineBase/OnlineBase.uplugin" 119
"../../../Engine/Plugins/Online/OnlineServicesNull/OnlineServicesNull.uplugin" 120
"../../../Engine/Plugins/Online/OnlineSubsystem/OnlineSubsystem.uplugin" 121
"../../../Engine/Plugins/Online/OnlineServicesOSSAdapter/OnlineServicesOSSAdapter.uplugin" 122
"../../../Engine/Plugins/Online/OnlineServicesEOSGS/OnlineServicesEOSGS.uplugin" 123
"../../../Engine/Plugins/Online/OnlineSubsystemApple/OnlineSubsystemApple.uplugin" 124
"../../../Engine/Plugins/Online/OnlineSubsystemAmazon/OnlineSubsystemAmazon.uplugin" 125
"../../../Engine/Plugins/Online/OnlineSubsystemEOS/OnlineSubsystemEOS.uplugin" 126
"../../../Engine/Plugins/Online/OnlineSubsystemGoogle/OnlineSubsystemGoogle.uplugin" 127
"../../../Engine/Plugins/Online/OnlineSubsystemFacebook/OnlineSubsystemFacebook.uplugin" 128
"../../../Engine/Plugins/Online/OnlineSubsystemNull/OnlineSubsystemNull.uplugin" 129
"../../../Engine/Plugins/Online/OnlineSubsystemSteam/OnlineSubsystemSteam.uplugin" 130
"../../../Engine/Plugins/Online/OnlineSubsystemUtils/OnlineSubsystemUtils.uplugin" 131
"../../../Engine/Plugins/Online/SocketSubsystemEOS/SocketSubsystemEOS.uplugin" 132
"../../../Engine/Plugins/Online/WebAuth/WebAuth.uplugin" 133
"../../../Engine/Plugins/Online/OnlineSubsystemTencent/OnlineSubsystemTencent.uplugin" 134
"../../../Engine/Plugins/NNE/NNEDenoiser/NNEDenoiser.uplugin" 135
"../../../Engine/Plugins/Web/HttpBlueprint/HttpBlueprint.uplugin" 136
"../../../Engine/Plugins/PCGInterops/PCGGeometryScriptInterop/PCGGeometryScriptInterop.uplugin" 137
"../../../Engine/Plugins/Runtime/ActorLayerUtilities/ActorLayerUtilities.uplugin" 138
"../../../Engine/Plugins/PCGInterops/PCGExternalDataInterop/PCGExternalDataInterop.uplugin" 139
"../../../Engine/Plugins/Protocols/MQTT/MQTT.uplugin" 140
"../../../Engine/Plugins/NNE/NNERuntimeORT/NNERuntimeORT.uplugin" 141
"../../../Engine/Plugins/Media/ElectraCodecs/ElectraCodecs.uplugin" 142
"../../../Engine/Plugins/Runtime/AndroidDeviceProfileSelector/AndroidDeviceProfileSelector.uplugin" 143
"../../../Engine/Plugins/Runtime/AndroidBackgroundService/AndroidBackgroundService.uplugin" 144
"../../../Engine/Plugins/Runtime/AndroidFileServer/AndroidFileServer.uplugin" 145
"../../../Engine/Plugins/Runtime/AndroidMoviePlayer/AndroidMoviePlayer.uplugin" 146
"../../../Engine/Plugins/Runtime/AppleImageUtils/AppleImageUtils.uplugin" 147
"../../../Engine/Plugins/Runtime/AnimationBudgetAllocator/AnimationBudgetAllocator.uplugin" 148
"../../../Engine/Plugins/Runtime/AssetTags/AssetTags.uplugin" 149
"../../../Engine/Plugins/Runtime/ApexDestruction/ApexDestruction.uplugin" 150
"../../../Engine/Plugins/Runtime/AndroidPermission/AndroidPermission.uplugin" 151
"../../../Engine/Plugins/Runtime/ArchVisCharacter/ArchVisCharacter.uplugin" 152
"../../../Engine/Plugins/Runtime/AudioCapture/AudioCapture.uplugin" 153
"../../../Engine/Plugins/Runtime/AudioMotorSim/AudioMotorSim.uplugin" 154
"../../../Engine/Plugins/Runtime/AudioModulation/AudioModulation.uplugin" 155
"../../../Engine/Plugins/Runtime/AudioWidgets/AudioWidgets.uplugin" 156
"../../../Engine/Plugins/Runtime/AudioSynesthesia/AudioSynesthesia.uplugin" 157
"../../../Engine/Plugins/Runtime/ChunkDownloader/ChunkDownloader.uplugin" 158
"../../../Engine/Plugins/Runtime/AppleMoviePlayer/AppleMoviePlayer.uplugin" 159
"../../../Engine/Plugins/Runtime/CableComponent/CableComponent.uplugin" 160
"../../../Engine/Plugins/Runtime/CommonUI/CommonUI.uplugin" 161
"../../../Engine/Plugins/Runtime/ComputeFramework/ComputeFramework.uplugin" 162
"../../../Engine/Plugins/Runtime/DataRegistry/DataRegistry.uplugin" 163
"../../../Engine/Plugins/Runtime/Firebase/Firebase.uplugin" 164
"../../../Engine/Plugins/Runtime/ExampleDeviceProfileSelector/ExampleDeviceProfileSelector.uplugin" 165
"../../../Engine/Plugins/Runtime/GameFeatures/GameFeatures.uplugin" 166
"../../../Engine/Plugins/Runtime/GameInput/GameInput.uplugin" 167
"../../../Engine/Plugins/Runtime/GameplayBehaviorSmartObjects/GameplayBehaviorSmartObjects.uplugin" 168
"../../../Engine/Plugins/Runtime/GameplayStateTree/GameplayStateTree.uplugin" 169
"../../../Engine/Plugins/Runtime/GameplayAbilities/GameplayAbilities.uplugin" 170
"../../../Engine/Plugins/Runtime/CustomMeshComponent/CustomMeshComponent.uplugin" 171
"../../../Engine/Plugins/Runtime/GameplayInteractions/GameplayInteractions.uplugin" 172
"../../../Engine/Plugins/Runtime/GeometryCache/GeometryCache.uplugin" 173
"../../../Engine/Plugins/Media/ElectraCDM/ElectraCDM.uplugin" 174
"../../../Engine/Plugins/Runtime/GeoReferencing/GeoReferencing.uplugin" 175
"../../../Engine/Plugins/Runtime/GeometryProcessing/GeometryProcessing.uplugin" 176
"../../../Engine/Plugins/Runtime/GeometryScripting/GeometryScripting.uplugin" 177
"../../../Engine/Plugins/Runtime/GoogleCloudMessaging/GoogleCloudMessaging.uplugin" 178
"../../../Engine/Plugins/Runtime/HairStrands/HairStrands.uplugin" 179
"../../../Engine/Plugins/Runtime/Harmonix/Harmonix.uplugin" 180
"../../../Engine/Plugins/Runtime/HPMotionController/HPMotionController.uplugin" 181
"../../../Engine/Plugins/Runtime/HDRIBackdrop/HDRIBackdrop.uplugin" 182
"../../../Engine/Plugins/Runtime/InstancedActors/InstancedActors.uplugin" 183
"../../../Engine/Plugins/Runtime/InputDebugging/InputDebugging.uplugin" 184
"../../../Engine/Plugins/Runtime/HTTPChunkInstaller/HTTPChunkInstaller.uplugin" 185
"../../../Engine/Plugins/Runtime/IOSDeviceProfileSelector/IOSDeviceProfileSelector.uplugin" 186
"../../../Engine/Plugins/Runtime/LevelStreamingPersistence/LevelStreamingPersistence.uplugin" 187
"../../../Engine/Plugins/Runtime/LiveLinkOvernDisplay/LiveLinkOverNDisplay.uplugin" 188
"../../../Engine/Plugins/Runtime/IOSReplayKit/IOSReplayKit.uplugin" 189
"../../../Engine/Plugins/Runtime/LocationServicesBPLibrary/LocationServicesBPLibrary.uplugin" 190
"../../../Engine/Plugins/Runtime/LocationServicesIOSImpl/LocationServicesIOSImpl.uplugin" 191
"../../../Engine/Plugins/Runtime/MeshModelingToolset/MeshModelingToolset.uplugin" 192
"../../../Engine/Plugins/Runtime/MassEntity/MassEntity.uplugin" 193
"../../../Engine/Plugins/Runtime/GooglePAD/GooglePAD.uplugin" 194
"../../../Engine/Plugins/Runtime/MassGameplay/MassGameplay.uplugin" 195
"../../../Engine/Plugins/Runtime/LocationServicesAndroidImpl/LocationServicesAndroidImpl.uplugin" 196
"../../../Engine/Plugins/Runtime/Metasound/Metasound.uplugin" 197
"../../../Engine/Plugins/Runtime/MicrosoftSpatialAudio/MicroSoftSpatialSound.uplugin" 198
"../../../Engine/Plugins/Runtime/MobileFSR/MobileFSR.uplugin" 199
"../../../Engine/Plugins/Runtime/LinuxDeviceProfileSelector/LinuxDeviceProfileSelector.uplugin" 200
"../../../Engine/Plugins/Runtime/MixedRealityCaptureFramework/MixedRealityCaptureFramework.uplugin" 201
"../../../Engine/Plugins/Runtime/MIDIDevice/MIDIDevice.uplugin" 202
"../../../Engine/Plugins/Runtime/MobilePatchingUtils/MobilePatchingUtils.uplugin" 203
"../../../Engine/Plugins/Runtime/MultiServerReplication/MultiServerReplication.uplugin" 204
"../../../Engine/Plugins/Runtime/nDisplay/nDisplay.uplugin" 205
"../../../Engine/Plugins/Runtime/NavCorridor/NavCorridor.uplugin" 206
"../../../Engine/Plugins/Runtime/ModularGameplay/ModularGameplay.uplugin" 207
"../../../Engine/Plugins/Runtime/MsQuic/MsQuic.uplugin" 208
"../../../Engine/Plugins/Runtime/NetworkPrediction/NetworkPrediction.uplugin" 209
"../../../Engine/Plugins/Runtime/NetworkPredictionExtras/NetworkPredictionExtras.uplugin" 210
"../../../Engine/Plugins/Runtime/ModelViewViewModel/ModelViewViewModel.uplugin" 211
"../../../Engine/Plugins/Runtime/nDisplayModularFeatures/nDisplayModularFeatures.uplugin" 212
"../../../Engine/Plugins/Runtime/NetworkPredictionInsights/NetworkPredictionInsights.uplugin" 213
"../../../Engine/Plugins/Runtime/OpenCV/OpenCV.uplugin" 214
"../../../Engine/Plugins/Runtime/OpenXREyeTracker/OpenXREyeTracker.uplugin" 215
"../../../Engine/Plugins/Runtime/OpenXRHandTracking/OpenXRHandTracking.uplugin" 216
"../../../Engine/Plugins/Runtime/OpenXRViveTracker/OpenXRViveTracker.uplugin" 217
"../../../Engine/Plugins/Runtime/OpenXR/OpenXR.uplugin" 218
"../../../Engine/Plugins/Runtime/OSC/OSC.uplugin" 219
"../../../Engine/Plugins/Runtime/OpenXRMsftHandInteraction/OpenXRMsftHandInteraction.uplugin" 220
"../../../Engine/Plugins/Runtime/OptionalMobileFeaturesBPLibrary/OptionalMobileFeaturesBPLibrary.uplugin" 221
"../../../Engine/Plugins/Runtime/PreLoadScreenMoviePlayer/PreLoadScreenMoviePlayer.uplugin" 222
"../../../Engine/Plugins/Runtime/PropertyBindingUtils/PropertyBindingUtils.uplugin" 223
"../../../Engine/Plugins/Runtime/ReplicationSystemTestPlugin/ReplicationSystemTestPlugin.uplugin" 224
"../../../Engine/Plugins/Runtime/ResonanceAudio/ResonanceAudio.uplugin" 225
"../../../Engine/Plugins/Runtime/RigVM/RigVM.uplugin" 226
"../../../Engine/Plugins/Runtime/ReplicationGraph/ReplicationGraph.uplugin" 227
"../../../Engine/Plugins/Runtime/RenderTrace/RenderTrace.uplugin" 228
"../../../Engine/Plugins/Runtime/ProceduralMeshComponent/ProceduralMeshComponent.uplugin" 229
"../../../Engine/Plugins/Runtime/SignificanceManager/SignificanceManager.uplugin" 230
"../../../Engine/Plugins/Runtime/SkeletalMerging/SkeletalMerging.uplugin" 231
"../../../Engine/Plugins/Runtime/SmartObjects/SmartObjects.uplugin" 232
"../../../Engine/Plugins/Runtime/PropertyAccess/PropertyAccessEditor.uplugin" 233
"../../../Engine/Plugins/Runtime/ScriptableToolsFramework/ScriptableToolsFramework.uplugin" 234
"../../../Engine/Plugins/Runtime/SoundCueTemplates/SoundCueTemplates.uplugin" 235
"../../../Engine/Plugins/Runtime/SoundMod/SoundMod.uplugin" 236
"../../../Engine/Plugins/Runtime/Soundscape/Soundscape.uplugin" 237
"../../../Engine/Plugins/Runtime/SoundUtilities/SoundUtilities.uplugin" 238
"../../../Engine/Plugins/Runtime/StateTree/StateTree.uplugin" 239
"../../../Engine/Plugins/Runtime/Spatialization/Spatialization.uplugin" 240
"../../../Engine/Plugins/Runtime/SoundFields/SoundFields.uplugin" 241
"../../../Engine/Plugins/Runtime/SunPosition/SunPosition.uplugin" 242
"../../../Engine/Plugins/Runtime/USDCore/USDCore.uplugin" 243
"../../../Engine/Plugins/Runtime/Synthesis/Synthesis.uplugin" 244
"../../../Engine/Plugins/Runtime/WebMMoviePlayer/WebMMoviePlayer.uplugin" 245
"../../../Engine/Plugins/Runtime/WebBrowserNativeProxy/WebBrowserNativeProxy.uplugin" 246
"../../../Engine/Plugins/Runtime/WaveTable/WaveTable.uplugin" 247
"../../../Engine/Plugins/Runtime/WindowsMoviePlayer/WindowsMoviePlayer.uplugin" 248
"../../../Engine/Plugins/Runtime/WindowsDeviceProfileSelector/WindowsDeviceProfileSelector.uplugin" 249
"../../../Engine/Plugins/Runtime/WorldConditions/WorldConditions.uplugin" 250
"../../../Engine/Plugins/Runtime/XRBase/XRBase.uplugin" 251
"../../../Engine/Plugins/Runtime/ZoneGraph/ZoneGraph.uplugin" 252
"../../../Engine/Plugins/Runtime/ZoneGraphAnnotations/ZoneGraphAnnotations.uplugin" 253
"../../../Engine/Plugins/2D/Paper2D/Paper2D.uplugin" 254
"../../../Engine/Plugins/Runtime/WarpUtils/WarpUtils.uplugin" 255
"../../../Engine/Plugins/AI/AISupport/AISupport.uplugin" 256
"../../../Engine/Plugins/Runtime/WebBrowserWidget/WebBrowserWidget.uplugin" 257
"../../../Engine/Plugins/AI/HTNPlanner/HTNPlanner.uplugin" 258
"../../../Engine/Plugins/AI/EnvironmentQueryEditor/EnvironmentQueryEditor.uplugin" 259
"../../../Engine/Plugins/AI/MassAI/MassAI.uplugin" 260
"../../../Engine/Plugins/AI/MLAdapter/MLAdapter.uplugin" 261
"../../../Engine/Plugins/Animation/ACLPlugin/ACLPlugin.uplugin" 262
"../../../Engine/Plugins/AI/MassCrowd/MassCrowd.uplugin" 263
"../../../Engine/Plugins/Animation/AnimationData/AnimationData.uplugin" 264
"../../../Engine/Plugins/Animation/AnimationLocomotionLibrary/AnimationLocomotionLibrary.uplugin" 265
"../../../Engine/Plugins/Animation/AnimationWarping/AnimationWarping.uplugin" 266
"../../../Engine/Plugins/Animation/BlendStack/BlendStack.uplugin" 267
"../../../Engine/Plugins/Animation/AnimationModifierLibrary/AnimationModifierLibrary.uplugin" 268
"../../../Engine/Plugins/Animation/AnimatorKit/AnimatorKit.uplugin" 269
"../../../Engine/Plugins/Animation/ControlRig/ControlRig.uplugin" 270
"../../../Engine/Plugins/Animation/ControlRigSpline/ControlRigSpline.uplugin" 271
"../../../Engine/Plugins/Animation/ControlRigModules/ControlRigModules.uplugin" 272
"../../../Engine/Plugins/Animation/GameplayInsights/GameplayInsights.uplugin" 273
"../../../Engine/Plugins/Animation/IKRig/IKRig.uplugin" 274
"../../../Engine/Plugins/Animation/BlendSpaceMotionAnalysis/BlendSpaceMotionAnalysis.uplugin" 275
"../../../Engine/Plugins/Animation/LiveLink/LiveLink.uplugin" 276
"../../../Engine/Plugins/Animation/DeformerGraph/DeformerGraph.uplugin" 277
"../../../Engine/Plugins/Animation/LiveLinkCurveDebugUI/LiveLinkCurveDebugUI.uplugin" 278
"../../../Engine/Plugins/Animation/MotionWarping/MotionWarping.uplugin" 279
"../../../Engine/Plugins/Animation/LiveLinkHub/LiveLinkHub.uplugin" 280
"../../../Engine/Plugins/Animation/PoseSearch/PoseSearch.uplugin" 281
"../../../Engine/Plugins/Cameras/GameplayCameras/GameplayCameras.uplugin" 282
"../../../Engine/Plugins/Cameras/CameraShakePreviewer/CameraShakePreviewer.uplugin" 283
"../../../Engine/Plugins/Animation/RigLogic/RigLogic.uplugin" 284
"../../../Engine/Plugins/Animation/PerformanceCaptureCore/PerformanceCaptureCore.uplugin" 285
"../../../Engine/Plugins/Cameras/EngineCameras/EngineCameras.uplugin" 286
"../../../Engine/Plugins/Compositing/Composure/Composure.uplugin" 287
"../../../Engine/Plugins/Editor/AssetRegistryExport/AssetRegistryExport.uplugin" 288
"../../../Engine/Plugins/Editor/AssetReferenceRestrictions/AssetReferenceRestrictions.uplugin" 289
"../../../Engine/Plugins/Compositing/OpenCVLensDistortion/OpenCVLensDistortion.uplugin" 290
"../../../Engine/Plugins/Compositing/LensDistortion/LensDistortion.uplugin" 291
"../../../Engine/Plugins/Editor/AssetManagerEditor/AssetManagerEditor.uplugin" 292
"../../../Engine/Plugins/Editor/BlueprintMaterialTextureNodes/BlueprintMaterialTextureNodes.uplugin" 293
"../../../Engine/Plugins/Editor/BlueprintHeaderView/BlueprintHeaderView.uplugin" 294
"../../../Engine/Plugins/Editor/ColorGrading/ColorGrading.uplugin" 295
"../../../Engine/Plugins/Editor/AssetSearch/AssetSearch.uplugin" 296
"../../../Engine/Plugins/Editor/ConsoleVariablesEditor/ConsoleVariables.uplugin" 297
"../../../Engine/Plugins/Editor/CurveEditorTools/CurveEditorTools.uplugin" 298
"../../../Engine/Plugins/Editor/DataValidation/DataValidation.uplugin" 299
"../../../Engine/Plugins/Editor/CryptoKeys/CryptoKeys.uplugin" 300
"../../../Engine/Plugins/Editor/DisplayClusterLaunch/DisplayClusterLaunch.uplugin" 301
"../../../Engine/Plugins/Compositing/OpenColorIO/OpenColorIO.uplugin" 302
"../../../Engine/Plugins/Editor/EditorDebugTools/EditorDebugTools.uplugin" 303
"../../../Engine/Plugins/Editor/ChangelistReview/ChangelistReview.uplugin" 304
"../../../Engine/Plugins/Editor/FacialAnimation/FacialAnimation.uplugin" 305
"../../../Engine/Plugins/Editor/EditorSysConfigAssistant/EditorSysConfigAssistant.uplugin" 306
"../../../Engine/Plugins/Editor/GameplayTagsEditor/GameplayTagsEditor.uplugin" 307
"../../../Engine/Plugins/Editor/LiveUpdateForSlate/LiveUpdateForSlate.uplugin" 308
"../../../Engine/Plugins/Editor/EditorScriptingUtilities/EditorScriptingUtilities.uplugin" 309
"../../../Engine/Plugins/Editor/GeometryMode/GeometryMode.uplugin" 310
"../../../Engine/Plugins/Editor/GuidedTutorials/GuidedTutorials.uplugin" 311
"../../../Engine/Plugins/Editor/MakeCookedEditorAsDLC/MakeCookedEditorAsDLC.uplugin" 312
"../../../Engine/Plugins/Editor/MeshLODToolset/MeshLODToolset.uplugin" 313
"../../../Engine/Plugins/Editor/MaterialAnalyzer/MaterialAnalyzer.uplugin" 314
"../../../Engine/Plugins/Editor/MobileLauncherProfileWizard/MobileLauncherProfileWizard.uplugin" 315
"../../../Engine/Plugins/Editor/ModelingToolsEditorMode/ModelingToolsEditorMode.uplugin" 316
"../../../Engine/Plugins/Editor/ModelViewViewModelPreview/ModelViewViewModelPreview.uplugin" 317
"../../../Engine/Plugins/Editor/SampleToolsEditorMode/SampleToolsEditorMode.uplugin" 318
"../../../Engine/Plugins/Editor/ProxyLODPlugin/ProxyLODPlugin.uplugin" 319
"../../../Engine/Plugins/Editor/SequencerAnimTools/SequencerAnimTools.uplugin" 320
"../../../Engine/Plugins/Editor/SpeedTreeImporter/SpeedTreeImporter.uplugin" 321
"../../../Engine/Plugins/Editor/StaticMeshEditorModeling/StaticMeshEditorModeling.uplugin" 322
"../../../Engine/Plugins/Editor/PluginBrowser/PluginBrowser.uplugin" 323
"../../../Engine/Plugins/Editor/StylusInput/StylusInput.uplugin" 324
"../../../Engine/Plugins/Editor/UMGWidgetPreview/UMGWidgetPreview.uplugin" 325
"../../../Engine/Plugins/Editor/UVEditor/UVEditor.uplugin" 326
"../../../Engine/Plugins/Editor/WaveformEditor/WaveformEditor.uplugin" 327
"../../../Engine/Plugins/Editor/WorldPartitionHLODUtilities/WorldPartitionHLODUtilities.uplugin" 328
"../../../Engine/Plugins/Experimental/AbilitySystemGameFeatureActions/AbilitySystemGameFeatureActions.uplugin" 329
"../../../Engine/Plugins/Experimental/ActorModifierCore/ActorModifierCore.uplugin" 330
"../../../Engine/Plugins/Experimental/ActorPalette/ActorPalette.uplugin" 331
"../../../Engine/Plugins/Experimental/AdvancedRenamer/AdvancedRenamer.uplugin" 332
"../../../Engine/Plugins/Experimental/AnimNextStateTree/AnimNextStateTree.uplugin" 333
"../../../Engine/Plugins/Experimental/AnimNextChooser/AnimNextChooser.uplugin" 334
"../../../Engine/Plugins/Experimental/AutomationUtils/AutomationUtils.uplugin" 335
"../../../Engine/Plugins/Experimental/Avalanche/Avalanche.uplugin" 336
"../../../Engine/Plugins/Experimental/AppleVision/AppleVision.uplugin" 337
"../../../Engine/Plugins/Experimental/AnimToTexture/AnimToTexture.uplugin" 338
"../../../Engine/Plugins/Experimental/AvalancheDisplayCluster/AvalancheDisplayCluster.uplugin" 339
"../../../Engine/Plugins/Experimental/BackChannel/BackChannel.uplugin" 340
"../../../Engine/Plugins/Experimental/AnimNextAnimGraph/AnimNextAnimGraph.uplugin" 341
"../../../Engine/Plugins/Experimental/BlueprintSnapNodes/BlueprintSnapNodes.uplugin" 342
"../../../Engine/Plugins/Experimental/AnimNext/AnimNext.uplugin" 343
"../../../Engine/Plugins/Experimental/BlueprintStats/BlueprintStats.uplugin" 344
"../../../Engine/Plugins/Experimental/Buoyancy/Buoyancy.uplugin" 345
"../../../Engine/Plugins/Experimental/ChaosCaching/ChaosCaching.uplugin" 346
"../../../Engine/Plugins/Editor/MacGraphicsSwitching/MacGraphicsSwitching.uplugin" 347
"../../../Engine/Plugins/Experimental/ChaosModularVehicle/ChaosModularVehicle.uplugin" 348
"../../../Engine/Plugins/Experimental/ChaosNiagara/ChaosNiagara.uplugin" 349
"../../../Engine/Plugins/Experimental/ChaosFlesh/ChaosFlesh.uplugin" 350
"../../../Engine/Plugins/Experimental/ChaosModularVehicleExamples/ChaosModularVehicleExamples.uplugin" 351
"../../../Engine/Plugins/Experimental/ChaosSolverPlugin/ChaosSolverPlugin.uplugin" 352
"../../../Engine/Plugins/Experimental/ChaosClothEditor/ChaosClothEditor.uplugin" 353
"../../../Engine/Plugins/Experimental/ChaosUserDataPT/ChaosUserDataPT.uplugin" 354
"../../../Engine/Plugins/Experimental/ChaosVehiclesPlugin/ChaosVehiclesPlugin.uplugin" 355
"../../../Engine/Plugins/Experimental/CharacterAI/CharacterAI.uplugin" 356
"../../../Engine/Plugins/Experimental/ChaosEditor/ChaosEditor.uplugin" 357
"../../../Engine/Plugins/Experimental/CineCameraSceneCapture/CineCameraSceneCapture.uplugin" 358
"../../../Engine/Plugins/Experimental/ClonerEffector/ClonerEffector.uplugin" 359
"../../../Engine/Plugins/Experimental/CodeEditor/CodeEditor.uplugin" 360
"../../../Engine/Plugins/Experimental/ChaosCachingUSD/ChaosCachingUSD.uplugin" 361
"../../../Engine/Plugins/Experimental/CineCameraRigs/CineCameraRigs.uplugin" 362
"../../../Engine/Plugins/Experimental/CodeView/CodeView.uplugin" 363
"../../../Engine/Plugins/Experimental/ColorCorrectRegions/ColorCorrectRegions.uplugin" 364
"../../../Engine/Plugins/Experimental/CustomDetailsView/CustomDetailsView.uplugin" 365
"../../../Engine/Plugins/Experimental/Dataflow/Dataflow.uplugin" 366
"../../../Engine/Plugins/Experimental/DefaultInstallBundleManager/DefaultInstallBundleManager.uplugin" 367
"../../../Engine/Plugins/Experimental/CommonConversation/CommonConversation.uplugin" 368
"../../../Engine/Plugins/Experimental/ControlFlows/ControlFlows.uplugin" 369
"../../../Engine/Plugins/Experimental/DynamicMaterial/DynamicMaterial.uplugin" 370
"../../../Engine/Plugins/Editor/ScriptableToolsEditorMode/ScriptableToolsEditorMode.uplugin" 371
"../../../Engine/Plugins/Experimental/EditorDataStorage/EditorDataStorage.uplugin" 372
"../../../Engine/Plugins/Experimental/EditorDataStorageFeatures/EditorDataStorageFeatures.uplugin" 373
"../../../Engine/Plugins/Experimental/DaySequence/DaySequence.uplugin" 374
"../../../Engine/Plugins/Experimental/EditorPerformance/EditorPerformance.uplugin" 375
"../../../Engine/Plugins/Experimental/EditorTelemetry/EditorTelemetry.uplugin" 376
"../../../Engine/Plugins/Experimental/FieldSystemPlugin/FieldSystemPlugin.uplugin" 377
"../../../Engine/Plugins/Experimental/FloatingProperties/FloatingProperties.uplugin" 378
"../../../Engine/Plugins/Experimental/FullBodyIK/FullBodyIK.uplugin" 379
"../../../Engine/Plugins/Experimental/Fracture/Fracture.uplugin" 380
"../../../Engine/Plugins/Experimental/GameplayGraph/GameplayGraph.uplugin" 381
"../../../Engine/Plugins/Experimental/GameInputWindows/GameInputWindows.uplugin" 382
"../../../Engine/Plugins/Experimental/GameplayTargetingSystem/TargetingSystem.uplugin" 383
"../../../Engine/Plugins/Experimental/GeometryCollectionPlugin/GeometryCollectionPlugin.uplugin" 384
"../../../Engine/Plugins/Experimental/Gauntlet/Gauntlet.uplugin" 385
"../../../Engine/Plugins/Experimental/GeometryCacheAbcFile/GeometryCacheAbcFile.uplugin" 386
"../../../Engine/Plugins/Experimental/CinematicPrestreaming/CinematicPrestreaming.uplugin" 387
"../../../Engine/Plugins/Experimental/GameplayBehaviors/GameplayBehaviors.uplugin" 388
"../../../Engine/Plugins/Experimental/GeometryFlow/GeometryFlow.uplugin" 389
"../../../Engine/Plugins/Experimental/GeometryMask/GeometryMask.uplugin" 390
"../../../Engine/Plugins/Editor/EngineAssetDefinitions/EngineAssetDefinitions.uplugin" 391
"../../../Engine/Plugins/Experimental/HairModelingToolset/HairModelingToolset.uplugin" 392
"../../../Engine/Plugins/Experimental/GizmoEdMode/GizmoEdMode.uplugin" 393
"../../../Engine/Plugins/Experimental/GPULightmass/GPULightmass.uplugin" 394
"../../../Engine/Plugins/Experimental/HairCardGenerator/HairCardGenerator.uplugin" 395
"../../../Engine/Plugins/Experimental/GizmoFramework/GizmoFramework.uplugin" 396
"../../../Engine/Plugins/Experimental/ImagePlate/ImagePlate.uplugin" 397
"../../../Engine/Plugins/Experimental/HairStrandsMutable/HairStrandsMutable.uplugin" 398
"../../../Engine/Plugins/Experimental/ImpostorBaker/ImpostorBaker.uplugin" 399
"../../../Engine/Plugins/Experimental/InlineMaterialInstance/InlineMaterialInstance.uplugin" 400
"../../../Engine/Plugins/Experimental/ImageWidgets/ImageWidgets.uplugin" 401
"../../../Engine/Plugins/Experimental/Iris/Iris.uplugin" 402
"../../../Engine/Plugins/Experimental/LandscapePatch/LandscapePatch.uplugin" 403
"../../../Engine/Plugins/Experimental/InstanceDataObjectFixupTool/InstanceDataObjectFixupTool.uplugin" 404
"../../../Engine/Plugins/Experimental/JWT/JWT.uplugin" 405
"../../../Engine/Plugins/Experimental/Landmass/Landmass.uplugin" 406
"../../../Engine/Plugins/Experimental/LiveLinkControlRig/LiveLinkControlRig.uplugin" 407
"../../../Engine/Plugins/Experimental/LiveLinkOpenVR/LiveLinkOpenVR.uplugin" 408
"../../../Engine/Plugins/Experimental/LiveLinkFaceImporter/LiveLinkFaceImporter.uplugin" 409
"../../../Engine/Plugins/Experimental/LowLevelNetTrace/LowLevelNetTrace.uplugin" 410
"../../../Engine/Plugins/Experimental/LocalizableMessage/LocalizableMessage.uplugin" 411
"../../../Engine/Plugins/Experimental/MotorSimOutputMotoSynth/MotorSimOutputMotoSynth.uplugin" 412
"../../../Engine/Plugins/Experimental/Mover/Mover.uplugin" 413
"../../../Engine/Plugins/Experimental/NaniteDisplacedMesh/NaniteDisplacedMesh.uplugin" 414
"../../../Engine/Plugins/Experimental/LearningAgents/LearningAgents.uplugin" 415
"../../../Engine/Plugins/Experimental/MeshModelingToolsetExp/MeshModelingToolsetExp.uplugin" 416
"../../../Engine/Plugins/Experimental/MutablePopulation/MutablePopulation.uplugin" 417
"../../../Engine/Plugins/Experimental/NeuralRendering/NeuralRendering.uplugin" 418
"../../../Engine/Plugins/Experimental/MoverExamples/MoverExamples.uplugin" 419
"../../../Engine/Plugins/Experimental/MotoSynth/MotoSynth.uplugin" 420
"../../../Engine/Plugins/Experimental/NNERuntimeRDG/NNERuntimeRDG.uplugin" 421
"../../../Engine/Plugins/Experimental/OpenImageDenoise/OpenImageDenoise.uplugin" 422
"../../../Engine/Plugins/Experimental/NNERuntimeIREE/NNERuntimeIREE.uplugin" 423
"../../../Engine/Plugins/Experimental/NFORDenoise/NFORDenoise.uplugin" 424
"../../../Engine/Plugins/Experimental/NNERuntimeBasicCpu/NNERuntimeBasicCpu.uplugin" 425
"../../../Engine/Plugins/Experimental/PanoramicCapture/PanoramicCapture.uplugin" 426
"../../../Engine/Plugins/Experimental/OperatorStack/OperatorStack.uplugin" 427
"../../../Engine/Plugins/Experimental/PCGBiomeSample/PCGBiomeSample.uplugin" 428
"../../../Engine/Plugins/Experimental/PCGBiomeCore/PCGBiomeCore.uplugin" 429
"../../../Engine/Plugins/Experimental/OptiXDenoise/OptiXDenoise.uplugin" 430
"../../../Engine/Plugins/Experimental/PlainProps/PlainProps.uplugin" 431
"../../../Engine/Plugins/Experimental/PixelStreamingPlayer/PixelStreamingPlayer.uplugin" 432
"../../../Engine/Plugins/Experimental/PhysicsControl/PhysicsControl.uplugin" 433
"../../../Engine/Plugins/Experimental/PlatformCrypto/PlatformCrypto.uplugin" 434
"../../../Engine/Plugins/Experimental/PlanarCutPlugin/PlanarCut.uplugin" 435
"../../../Engine/Plugins/Experimental/PluginReferenceViewer/PluginReferenceViewer.uplugin" 436
"../../../Engine/Plugins/Experimental/PluginTemplateTool/PluginTemplateTool.uplugin" 437
"../../../Engine/Plugins/Experimental/MoverTests/MoverTests.uplugin" 438
"../../../Engine/Plugins/Experimental/PostProcessMaterialChainGraph/PostProcessMaterialChainGraph.uplugin" 439
"../../../Engine/Plugins/Experimental/PropertyAnimatorCore/PropertyAnimatorCore.uplugin" 440
"../../../Engine/Plugins/Experimental/PropertyAnimator/PropertyAnimator.uplugin" 441
"../../../Engine/Plugins/Experimental/PluginAudit/PluginAudit.uplugin" 442
"../../../Engine/Plugins/Experimental/PythonScriptPlugin/PythonScriptPlugin.uplugin" 443
"../../../Engine/Plugins/Experimental/RawInput/RawInput.uplugin" 444
"../../../Engine/Plugins/Experimental/RemoteControlComponents/RemoteControlComponents.uplugin" 445
"../../../Engine/Plugins/Experimental/RazerChromaDevices/RazerChromaDevices.uplugin" 446
"../../../Engine/Plugins/Experimental/RemoteSession/RemoteSession.uplugin" 447
"../../../Engine/Plugins/Experimental/RigLogicAnimNext/RigLogicAnimNext.uplugin" 448
"../../../Engine/Plugins/Experimental/RigLogicMutable/RigLogicMutable.uplugin" 449
"../../../Engine/Plugins/Experimental/PythonFoundationPackages/PythonFoundationPackages.uplugin" 450
"../../../Engine/Plugins/Experimental/QuicMessaging/QuicMessaging.uplugin" 451
"../../../Engine/Plugins/Experimental/Shotgrid/Shotgrid.uplugin" 452
"../../../Engine/Plugins/Experimental/SecuritySandbox/SecuritySandbox.uplugin" 453
"../../../Engine/Plugins/Experimental/ScreenReader/ScreenReader.uplugin" 454
"../../../Engine/Plugins/Experimental/SkeletalReduction/SkeletalReduction.uplugin" 455
"../../../Engine/Plugins/Experimental/SerializationUtils/SerializationUtils.uplugin" 456
"../../../Engine/Plugins/Experimental/SimpleHMD/SimpleHMD.uplugin" 457
"../../../Engine/Plugins/Experimental/SlateModelViewViewModel/SlateModelViewViewModel.uplugin" 458
"../../../Engine/Plugins/Experimental/StateGraph/StateGraph.uplugin" 459
"../../../Engine/Plugins/Experimental/StormSync/StormSync.uplugin" 460
"../../../Engine/Plugins/Experimental/SurfaceEffects/SurfaceEffects.uplugin" 461
"../../../Engine/Plugins/Experimental/RenderGrid/RenderGrid.uplugin" 462
"../../../Engine/Plugins/Experimental/StormSyncAvalancheBridge/StormSyncAvalancheBridge.uplugin" 463
"../../../Engine/Plugins/Experimental/TargetDeviceServicesScripting/TargetDeviceServicesScripting.uplugin" 464
"../../../Engine/Plugins/Experimental/StudioTelemetry/StudioTelemetry.uplugin" 465
"../../../Engine/Plugins/Experimental/TetMeshing/TetMeshing.uplugin" 466
"../../../Engine/Plugins/Experimental/SlateScreenReader/SlateScreenReader.uplugin" 467
"../../../Engine/Plugins/Experimental/Text3D/Text3D.uplugin" 468
"../../../Engine/Plugins/Experimental/ToolPresets/ToolPresets.uplugin" 469
"../../../Engine/Plugins/Experimental/TextureGraph/TextureGraph.uplugin" 470
"../../../Engine/Plugins/Experimental/TextToSpeech/TextToSpeech.uplugin" 471
"../../../Engine/Plugins/Experimental/TextureMediaPlayer/TextureMediaPlayer.uplugin" 472
"../../../Engine/Plugins/Experimental/StructUtils/StructUtils.uplugin" 473
"../../../Engine/Plugins/Experimental/SVGImporter/SVGImporter.uplugin" 474
"../../../Engine/Plugins/Experimental/UserToolBoxBasicCommand/UserToolBoxBasicCommand.uplugin" 475
"../../../Engine/Plugins/Experimental/UserToolBoxCore/UserToolBoxCore.uplugin" 476
"../../../Engine/Plugins/Experimental/VirtualProductionUtilities/VirtualProductionUtilities.uplugin" 477
"../../../Engine/Plugins/Experimental/VirtualHeightfieldMesh/VirtualHeightfieldMesh.uplugin" 478
"../../../Engine/Plugins/Experimental/UIFramework/UIFramework.uplugin" 479
"../../../Engine/Plugins/Experimental/Volumetrics/Volumetrics.uplugin" 480
"../../../Engine/Plugins/Experimental/Water/Water.uplugin" 481
"../../../Engine/Plugins/Experimental/WaterAdvanced/WaterAdvanced.uplugin" 482
"../../../Engine/Plugins/Experimental/WebSocketNetworking/WebSocketNetworking.uplugin" 483
"../../../Engine/Plugins/Experimental/WidgetEditorToolPalette/WidgetEditorToolPalette.uplugin" 484
"../../../Engine/Plugins/Experimental/WebSocketMessaging/WebSocketMessaging.uplugin" 485
"../../../Engine/Plugins/Experimental/XRCreativeFramework/XRCreativeFramework.uplugin" 486
"../../../Engine/Plugins/FX/NiagaraFluids/NiagaraFluids.uplugin" 487
"../../../Engine/Plugins/FX/Niagara/Niagara.uplugin" 488
"../../../Engine/Plugins/Experimental/WaveFunctionCollapse/WaveFunctionCollapse.uplugin" 489
"../../../Engine/Plugins/FX/CascadeToNiagaraConverter/CascadeToNiagaraConverter.uplugin" 490
"../../../Engine/Plugins/Experimental/Workspace/Workspace.uplugin" 491
"../../../Engine/Plugins/FX/ExampleCustomDataInterface/ExampleCustomDataInterface.uplugin" 492
"../../../Engine/Plugins/FX/NiagaraMRQ/NiagaraMRQ.uplugin" 493
"../../../Engine/Plugins/Interchange/Assets/InterchangeAssets.uplugin" 494
"../../../Engine/Plugins/FX/NiagaraSimCaching/NiagaraSimCaching.uplugin" 495
"../../../Engine/Plugins/Interchange/Editor/InterchangeEditor.uplugin" 496
"../../../Engine/Plugins/Experimental/WaterExtras/WaterExtras.uplugin" 497
"../../../Engine/Plugins/MovieScene/ActorSequence/ActorSequence.uplugin" 498
"../../../Engine/Plugins/MovieScene/MoviePipelineMaskRenderPass/MoviePipelineMaskRenderPass.uplugin" 499
"../../../Engine/Plugins/MovieScene/CustomizableSequencerTracks/CustomizableSequencerTracks.uplugin" 500
"../../../Engine/Plugins/MovieScene/LevelSequenceEditor/LevelSequenceEditor.uplugin" 501
"../../../Engine/Plugins/MovieScene/MovieRenderPipeline/MovieRenderPipeline.uplugin" 502
"../../../Engine/Plugins/MovieScene/SequencerScripting/SequencerScripting.uplugin" 503
"../../../Engine/Plugins/MovieScene/ReplayTracks/ReplayTracks.uplugin" 504
"../../../Engine/Plugins/MovieScene/TemplateSequence/TemplateSequence.uplugin" 505
"../../../Engine/Plugins/Performance/PerformanceMonitor/PerformanceMonitor.uplugin" 506
"../../../Engine/Plugins/Interchange/Runtime/Interchange.uplugin" 507
"../../../Engine/Plugins/NetcodeUnitTest/NUTUnrealEngine/NUTUnrealEngine.uplugin" 508
"../../../Engine/Plugins/Slate/SlateInsights/SlateInsights.uplugin" 509
"../../../Engine/Plugins/Slate/SlateScripting/SlateScripting.uplugin" 510
"../../../Engine/Plugins/MovieScene/MovieSceneTextTrack/MovieSceneTextTrack.uplugin" 511
"../../../Engine/Plugins/NetcodeUnitTest/NetcodeUnitTest/NetcodeUnitTest.uplugin" 512
"../../../Engine/Plugins/Tests/FbxAutomationTestBuilder/FbxAutomationTestBuilder.uplugin" 513
"../../../Engine/Plugins/Tests/AutomationDriverTests/AutomationDriverTests.uplugin" 514
"../../../Engine/Plugins/Tests/EditorTests/EditorTests.uplugin" 515
"../../../Engine/Plugins/Tests/CQTestEnhancedInput/CQTestEnhancedInput.uplugin" 516
"../../../Engine/Plugins/Tests/FunctionalTestingEditor/FunctionalTestingEditor.uplugin" 517
"../../../Engine/Plugins/Tests/CQTest/CQTest.uplugin" 518
"../../../Engine/Plugins/Performance/AutomatedPerfTesting/AutomatedPerfTesting.uplugin" 519
"../../../Engine/Plugins/Tests/TestSamples/TestSamples.uplugin" 520
"../../../Engine/Plugins/Tests/InterchangeTests/InterchangeTests.uplugin" 521
"../../../Engine/Plugins/Tests/WidgetAutomationTests/WidgetAutomationTests.uplugin" 522
"../../../Engine/Plugins/Tests/TestFramework/TestFramework.uplugin" 523
"../../../Engine/Plugins/Tests/PythonAutomationTest/PythonAutomationTest.uplugin" 524
"../../../Engine/Plugins/VirtualProduction/CameraCalibrationML/CameraCalibrationML.uplugin" 525
"../../../Engine/Plugins/Portal/LauncherChunkInstaller/LauncherChunkInstaller.uplugin" 526
"../../../Engine/Plugins/VirtualProduction/CaptureData/CaptureData.uplugin" 527
"../../../Engine/Plugins/VirtualProduction/EpicStageApp/EpicStageApp.uplugin" 528
"../../../Engine/Plugins/VirtualProduction/DataCharts/DataCharts.uplugin" 529
"../../../Engine/Plugins/VirtualProduction/CameraCalibration/CameraCalibration.uplugin" 530
"../../../Engine/Plugins/VirtualProduction/ICVFXTesting/ICVFXTesting.uplugin" 531
"../../../Engine/Plugins/VirtualProduction/LensComponent/LensComponent.uplugin" 532
"../../../Engine/Plugins/VirtualProduction/CameraCalibrationCore/CameraCalibrationCore.uplugin" 533
"../../../Engine/Plugins/VirtualProduction/LevelSnapshots/LevelSnapshots.uplugin" 534
"../../../Engine/Plugins/VirtualProduction/ICVFX/ICVFX.uplugin" 535
"../../../Engine/Plugins/VirtualProduction/CompositePlane/CompositePlane.uplugin" 536
"../../../Engine/Plugins/VirtualProduction/LiveLinkCamera/LiveLinkCamera.uplugin" 537
"../../../Engine/Plugins/VirtualProduction/LiveLinkFreeD/LiveLinkFreeD.uplugin" 538
"../../../Engine/Plugins/VirtualProduction/LiveLinkMasterLockit/LiveLinkMasterLockit.uplugin" 539
"../../../Engine/Plugins/VirtualProduction/LiveLinkLens/LiveLinkLens.uplugin" 540
"../../../Engine/Plugins/VirtualProduction/LiveLinkVRPN/LiveLinkVRPN.uplugin" 541
"../../../Engine/Plugins/VirtualProduction/MultiUserTakes/MultiUserTakes.uplugin" 542
"../../../Engine/Plugins/VirtualProduction/LiveLinkInputDevice/LiveLinkInputDevice.uplugin" 543
"../../../Engine/Plugins/VirtualProduction/RemoteControl/RemoteControl.uplugin" 544
"../../../Engine/Plugins/VirtualProduction/LiveLinkPrestonMDR/LiveLinkPrestonMDR.uplugin" 545
"../../../Engine/Plugins/VirtualProduction/RemoteControlProtocolDMX/RemoteControlProtocolDMX.uplugin" 546
"../../../Engine/Plugins/VirtualProduction/RemoteControlProtocolMIDI/RemoteControlProtocolMIDI.uplugin" 547
"../../../Engine/Plugins/Tests/RuntimeTests/RuntimeTests.uplugin" 548
"../../../Engine/Plugins/VirtualProduction/SequencerPlaylists/SequencerPlaylists.uplugin" 549
"../../../Engine/Plugins/VirtualProduction/Switchboard/Switchboard.uplugin" 550
"../../../Engine/Plugins/VirtualProduction/StageMonitoring/StageMonitoring.uplugin" 551
"../../../Engine/Plugins/VirtualProduction/RemoteControlWebInterface/RemoteControlWebInterface.uplugin" 552
"../../../Engine/Plugins/VirtualProduction/RemoteControlInterception/RemoteControlInterception.uplugin" 553
"../../../Engine/Plugins/VirtualProduction/LiveLinkXR/LiveLinkXR.uplugin" 554
"../../../Engine/Plugins/VirtualProduction/VirtualCamera/VirtualCamera.uplugin" 555
"../../../Engine/Plugins/VirtualProduction/TextureShare/TextureShare.uplugin" 556
"../../../Engine/Plugins/VirtualProduction/TimedDataMonitor/TimedDataMonitor.uplugin" 557
"../../../Engine/Plugins/Online/VoiceChat/VoiceChat/VoiceChat.uplugin" 558
"../../../Engine/Plugins/Tests/RHITests/RHITests.uplugin" 559
"../../../Engine/Plugins/Runtime/PacketHandlers/AESGCMHandlerComponent/AESGCMHandlerComponent.uplugin" 560
"../../../Engine/Plugins/VirtualProduction/VirtualScouting/VirtualScouting.uplugin" 561
"../../../Engine/Plugins/VirtualProduction/RemoteControlProtocolOSC/RemoteControlProtocolOSC.uplugin" 562
"../../../Engine/Plugins/Runtime/PacketHandlers/DTLSHandlerComponent/DTLSHandlerComponent.uplugin" 563
"../../../Engine/Plugins/Experimental/CharacterFXEditor/BaseCharacterFXEditor/BaseCharacterFXEditor.uplugin" 564
"../../../Engine/Plugins/VirtualProduction/Takes/Takes.uplugin" 565
"../../../Engine/Plugins/Experimental/CharacterFXEditor/ExampleCharacterFXEditor/ExampleCharacterFXEditor.uplugin" 566
"../../../Engine/Plugins/Experimental/PCGInterops/PCGWaterInterop/PCGWaterInterop.uplugin" 567
"../../../Engine/Plugins/VirtualProduction/Rivermax/RivermaxMedia/RivermaxMedia.uplugin" 568
"../../../Engine/Plugins/VirtualProduction/Rivermax/RivermaxCore/RivermaxCore.uplugin" 569
"../../../Engine/Plugins/VirtualProduction/Rivermax/RivermaxSync/RivermaxSync.uplugin" 570
"../../../Engine/Plugins/Developer/Concert/ConcertMain/ConcertMain.uplugin" 571
"../../../Engine/Plugins/Runtime/AR/ARUtilities/ARUtilities.uplugin" 572
"../../../Engine/Plugins/Runtime/Steam/SteamController/SteamController.uplugin" 573
"../../../Engine/Plugins/Experimental/Animation/ContextualAnimation/ContextualAnimation.uplugin" 574
"../../../Engine/Plugins/Experimental/Animation/HierarchyTable/HierarchyTable.uplugin" 575
"../../../Engine/Plugins/Runtime/Steam/SteamShared/SteamShared.uplugin" 576
"../../../Engine/Plugins/Experimental/Animation/CurveExpression/CurveExpression.uplugin" 577
"../../../Engine/Plugins/Experimental/Animation/HierarchyTableBuiltin/HierarchyTableBuiltin.uplugin" 578
"../../../Engine/Plugins/Runtime/Steam/SteamAudio/SteamAudio.uplugin" 579
"../../../Engine/Plugins/Experimental/Animation/MotionTrajectory/MotionTrajectory.uplugin" 580
"../../../Engine/Plugins/Marketplace/Developer/RiderLink/RiderLink.uplugin" 581
"../../../Engine/Plugins/Experimental/Animation/Optimus/Optimus.uplugin" 582
"../../../Engine/Plugins/Experimental/PCGInterops/PCGNiagaraInterop/PCGNiagaraInterop.uplugin" 583
"../../../Engine/Plugins/Runtime/Database/ADOSupport/ADOSupport.uplugin" 584
"../../../Engine/Plugins/Runtime/PacketHandlers/AESHandlerComponent/AESHandlerComponent.uplugin" 585
"../../../Engine/Plugins/Runtime/Database/DatabaseSupport/DatabaseSupport.uplugin" 586
"../../../Engine/Plugins/Runtime/Database/SQLiteSupport/SQLiteSupport.uplugin" 587
"../../../Engine/Plugins/Runtime/MeshReconstruction/DummyMeshReconstructor/DummyMeshReconstructor.uplugin" 588
"../../../Engine/Plugins/Runtime/Database/SQLiteCore/SQLiteCore.uplugin" 589
"../../../Engine/Plugins/Experimental/Animation/SkeletalMeshModelingTools/SkeletalMeshModelingTools.uplugin" 590
"../../../Engine/Plugins/Runtime/Database/RemoteDatabaseSupport/RemoteDatabaseSupport.uplugin" 591
"../../../Engine/Plugins/Runtime/XR/XRScribe/XRScribe.uplugin" 592
"../../../Engine/Plugins/Animation/MLDeformer/NearestNeighborModel/NearestNeighborModel.uplugin" 593
"../../../Engine/Plugins/Animation/MLDeformer/ChaosFleshGenerator/ChaosFleshGenerator.uplugin" 594
"../../../Engine/Plugins/Animation/MLDeformer/MLDeformerFramework/MLDeformerFramework.uplugin" 595
"../../../Engine/Plugins/Animation/MLDeformer/NeuralMorphModel/NeuralMorphModel.uplugin" 596
"../../../Engine/Plugins/Experimental/Compositing/HoldoutComposite/HoldoutComposite.uplugin" 597
"../../../Engine/Plugins/Runtime/XR/XRVisualization/XRVisualization.uplugin" 598
"../../../Engine/Plugins/Runtime/Steam/SteamSockets/SteamSockets.uplugin" 599
"../../../Engine/Plugins/Animation/MLDeformer/VertexDeltaModel/VertexDeltaModel.uplugin" 600
"../../../Engine/Plugins/Editor/ContentBrowser/ContentBrowserAssetDataSource/ContentBrowserAssetDataSource.uplugin" 601
"../../../Engine/Plugins/Editor/ContentBrowser/ContentBrowserClassDataSource/ContentBrowserClassDataSource.uplugin" 602
"../../../Engine/Plugins/Editor/ContentBrowser/ContentBrowserFileDataSource/ContentBrowserFileDataSource.uplugin" 603
"../../../Engine/Plugins/Runtime/Analytics/AnalyticsBlueprintLibrary/AnalyticsBlueprintLibrary.uplugin" 604
"../../../Engine/Plugins/Runtime/Analytics/AnalyticsMulticast/AnalyticsMulticast.uplugin" 605
"../../../Engine/Plugins/Runtime/Analytics/Flurry/Flurry.uplugin" 606
"../../../Engine/Plugins/Runtime/Analytics/FileLogging/FileLogging.uplugin" 607
"../../../Engine/Plugins/Editor/Localization/PortableObjectFileDataSource/PortableObjectFileDataSource.uplugin" 608
"../../../Engine/Plugins/Animation/MLDeformer/ChaosClothGenerator/ChaosClothGenerator.uplugin" 609
"../../../Engine/Plugins/Experimental/Enterprise/DataprepGeometryOperations/DataprepGeometryOperations.uplugin" 610
"../../../Engine/Plugins/Experimental/Enterprise/DatasmithInterchange/DatasmithInterchange.uplugin" 611
"../../../Engine/Plugins/Runtime/Windows/WinDualShock/WinDualShock.uplugin" 612
"../../../Engine/Plugins/Runtime/Windows/XInputDevice/XInputDevice.uplugin" 613
"../../../Engine/Plugins/Runtime/Analytics/Adjust/Adjust.uplugin" 614
"../../../Engine/Plugins/Online/VoiceChat/EOSVoiceChat/EOSVoiceChat.uplugin" 615
"../../../Engine/Plugins/Editor/ContentBrowser/ContentBrowserAliasDataSource/ContentBrowserAliasDataSource.uplugin" 616
"../../../Engine/Plugins/Experimental/Enterprise/DatasmithRuntime/DatasmithRuntime.uplugin" 617
"../../../Engine/Plugins/Experimental/VirtualProduction/VPRoles/VPRoles.uplugin" 618
"../../../Engine/Plugins/Experimental/VirtualProduction/VPSettings/VPSettings.uplugin" 619
"../../../Engine/Plugins/VirtualProduction/DMX/DatasmithMVR/DatasmithMVR.uplugin" 620
"../../../Engine/Plugins/VirtualProduction/DMX/DMXDisplayCluster/DMXDisplayCluster.uplugin" 621
"../../../Engine/Plugins/Experimental/VirtualProduction/LedWallCalibration/LedWallCalibration.uplugin" 622
"../../../Engine/Plugins/Experimental/MetaHuman/MetaHumanRuntime/MetaHumanRuntime.uplugin" 623
"../../../Engine/Plugins/Experimental/MetaHuman/MetaHumanSDK/MetaHumanSDK.uplugin" 624
"../../../Engine/Plugins/VirtualProduction/DMX/DMXFixtures/DMXFixtures.uplugin" 625
"../../../Engine/Plugins/VirtualProduction/DMX/DMXEngine/DMXEngine.uplugin" 626
"../../../Engine/Plugins/Experimental/AVCodecs/AMFCodecs/AMFCodecs.uplugin" 627
"../../../Engine/Plugins/VirtualProduction/DMX/DMXGDTF/DMXGDTF.uplugin" 628
"../../../Engine/Plugins/VirtualProduction/DMX/DMXPixelMapping/DMXPixelMapping.uplugin" 629
"../../../Engine/Plugins/VirtualProduction/DMX/DMXProtocol/DMXProtocol.uplugin" 630
"../../../Engine/Plugins/VirtualProduction/VirtualCameraCore/VirtualCameraCore.uplugin" 631
"../../../Engine/Plugins/Experimental/AVCodecs/LibVpxCodecs/LibVpxCodecs.uplugin" 632
"../../../Engine/Plugins/Experimental/AVCodecs/VTCodecs/VTCodecs.uplugin" 633
"../../../Engine/Plugins/Experimental/AVCodecs/WMFCodecs/WMFCodecs.uplugin" 634
"../../../Engine/Plugins/Experimental/Web/WebAPI/WebAPI.uplugin" 635
"../../../Engine/Plugins/Experimental/AVCodecs/NVCodecs/NVCodecs.uplugin" 636
"../../../Engine/Plugins/Runtime/Advertising/IOSTapJoy/IOSTapJoy.uplugin" 637
"../../../Engine/Plugins/VirtualProduction/DMX/DMXModularFeatures/DMXModularFeatures.uplugin" 638
"../../../Engine/Plugins/Online/IOS/OnlineSubsystemIOS/OnlineSubsystemIOS.uplugin" 639
"../../../Engine/Plugins/Online/Android/AndroidFetchBackgroundDownload/AndroidFetchBackgroundDownload.uplugin" 640
"../../../Engine/Plugins/Experimental/AVCodecs/AVCodecsCore/AVCodecsCore.uplugin" 641
"../../../Engine/Plugins/Online/Android/OnlineSubsystemGooglePlay/OnlineSubsystemGooglePlay.uplugin" 642
"../../../Engine/Plugins/Editor/ObjectMixer/LightMixer/LightMixer.uplugin" 643
"../../../Engine/Plugins/VirtualProduction/DMX/DMXControlConsole/DMXControlConsole.uplugin" 644
"../../../Engine/Plugins/Editor/ObjectMixer/ObjectMixer/ObjectMixer.uplugin" 645
"../../../Engine/Plugins/Developer/Concert/ConcertInsights/ConcertInsightsVisualizer/ConcertInsightsVisualizer.uplugin" 646
"../../../Engine/Plugins/Developer/Concert/ConcertInsights/ConcertInsightsServer/ConcertInsightsServer.uplugin" 647
"../../../Engine/Plugins/Developer/Concert/ConcertInsights/ConcertInsightsClient/ConcertInsightsClient.uplugin" 648
"../../../Engine/Plugins/Runtime/AR/AppleAR/AppleARKit/AppleARKit.uplugin" 649
"../../../Engine/Plugins/Runtime/AR/AppleAR/AppleARKitFaceSupport/AppleARKitFaceSupport.uplugin" 650
"../../../Engine/Plugins/Runtime/AR/Google/GoogleARCore/GoogleARCore.uplugin" 651
"../../../Engine/Plugins/Developer/Concert/ConcertInsights/ConcertInsightsCore/ConcertInsightsCore.uplugin" 652
"../../../Engine/Plugins/Runtime/Nvidia/Reflex/Reflex.uplugin" 653
"../../../Engine/Plugins/Developer/Concert/ConcertApp/MultiUserClient/MultiUserClient.uplugin" 654
"../../../Engine/Plugins/Runtime/Nvidia/GeForceNOWWrapper/GeForceNOWWrapper.uplugin" 655
"../../../Engine/Plugins/Developer/Concert/ConcertUI/ConcertClientSharedSlate/ConcertClientSharedSlate.uplugin" 656
"../../../Engine/Plugins/Runtime/AR/Google/GoogleARCoreServices/GoogleARCoreServices.uplugin" 657
"../../../Engine/Plugins/Developer/Concert/ConcertSync/ConcertSyncClient/ConcertSyncClient.uplugin" 658
"../../../Engine/Plugins/Developer/Concert/ConcertSync/ConcertSyncCore/ConcertSyncCore.uplugin" 659
"../../../Engine/Plugins/Developer/Concert/ConcertSync/ConcertSyncServer/ConcertSyncServer.uplugin" 660
"../../../Engine/Plugins/Developer/Concert/ConcertUI/ConcertSharedSlate/ConcertSharedSlate.uplugin" 661
"../../../Engine/Plugins/Developer/Concert/ConcertScripting/ConcertReplicationScripting/ConcertReplicationScripting.uplugin" 662
"../../../Engine/Plugins/Developer/Concert/ConcertApp/MultiUserServer/MultiUserServer.uplugin" 663
"../../../Engine/Plugins/Developer/Concert/ConcertSync/ConcertSyncTest/ConcertSyncTest.uplugin" 664
"../../../Engine/Plugins/Developer/Concert/ConcertApp/DisasterRecoveryClient/DisasterRecoveryClient.uplugin" 665
"../../../Engine/Content/Internationalization/icudt64l/cnvalias.icu" 666
"../../../Engine/Content/Internationalization/icudt64l/res_index.res" 667
"../../../Engine/Content/Internationalization/icudt64l/plurals.res" 668
"../../../Engine/Content/Internationalization/icudt64l/lang/en.res" 669
"../../../Engine/Content/Internationalization/icudt64l/lang/pool.res" 670
"../../../Engine/Content/Internationalization/icudt64l/lang/root.res" 671
"../../../Engine/Content/Internationalization/icudt64l/region/en.res" 672
"../../../Engine/Content/Internationalization/icudt64l/region/pool.res" 673
"../../../Engine/Content/Internationalization/icudt64l/region/root.res" 674
"../../../Engine/Content/Internationalization/icudt64l/windowsZones.res" 675
"../../../Engine/Content/Internationalization/icudt64l/zoneinfo64.res" 676
"../../../Engine/Content/Internationalization/icudt64l/keyTypeData.res" 677
"../../../Engine/Content/Internationalization/icudt64l/timezoneTypes.res" 678
"../../../Engine/Content/Internationalization/icudt64l/likelySubtags.res" 679
"../../../Engine/Content/Internationalization/icudt64l/en_US.res" 680
"../../../Engine/Content/Internationalization/icudt64l/pool.res" 681
"../../../Engine/Content/Internationalization/icudt64l/en.res" 682
"../../../Engine/Content/Internationalization/icudt64l/root.res" 683
"../../../Engine/Content/Internationalization/icudt64l/supplementalData.res" 684
"../../../Engine/Config/ConfigRedirects.ini" 685
"C:/Users/kalde/AppData/Local/UnrealEngine/5.5/Saved/Config/WindowsEditor/Manifest.ini" 686
"../../../Engine/Config/BaseEngine.ini" 687
"../../../Engine/Config/Windows/BaseWindowsEngine.ini" 688
"../../../../../OneDrive - La Horde/B2/Quetes/Q7_Portal/Q7_Portal/Q7_Poral/Config/DefaultEngine.ini" 689
"../../../Engine/Config/Windows/WindowsEngine.ini" 690
"../../../Engine/Config/BaseGame.ini" 691
"../../../../../OneDrive - La Horde/B2/Quetes/Q7_Portal/Q7_Portal/Q7_Poral/Config/DefaultGame.ini" 692
"../../../Engine/Config/Windows/WindowsGame.ini" 693
"D:/OneDrive - La Horde/B2/Quetes/Q7_Portal/Q7_Portal/Q7_Poral/Saved/Config/WindowsEditor/Game.ini" 694
"../../../Engine/Config/BaseInput.ini" 695
"../../../Engine/Config/Windows/BaseWindowsInput.ini" 696
"../../../../../OneDrive - La Horde/B2/Quetes/Q7_Portal/Q7_Portal/Q7_Poral/Config/DefaultInput.ini" 697
"../../../Engine/Config/Windows/WindowsInput.ini" 698
"../../../Engine/Config/BaseDeviceProfiles.ini" 699
"../../../Engine/Config/BaseGameUserSettings.ini" 700
"D:/OneDrive - La Horde/B2/Quetes/Q7_Portal/Q7_Portal/Q7_Poral/Saved/Config/WindowsEditor/GameUserSettings.ini" 701
"../../../Engine/Config/BaseScalability.ini" 702
"../../../Engine/Config/BaseRuntimeOptions.ini" 703
"../../../Engine/Config/BaseInstallBundle.ini" 704
"../../../Engine/Config/BaseHardware.ini" 705
"../../../Engine/Config/BaseLightmass.ini" 706
"../../../Engine/Config/BaseEditor.ini" 707
"../../../../../OneDrive - La Horde/B2/Quetes/Q7_Portal/Q7_Portal/Q7_Poral/Config/DefaultEditor.ini" 708
"D:/OneDrive - La Horde/B2/Quetes/Q7_Portal/Q7_Portal/Q7_Poral/Saved/Config/WindowsEditor/Editor.ini" 709
"../../../Engine/Config/BaseEditorPerProjectUserSettings.ini" 710
"../../../../../OneDrive - La Horde/B2/Quetes/Q7_Portal/Q7_Portal/Q7_Poral/Config/DefaultEditorPerProjectUserSettings.ini" 711
"../../../Engine/Config/Windows/WindowsEditorPerProjectUserSettings.ini" 712
"D:/OneDrive - La Horde/B2/Quetes/Q7_Portal/Q7_Portal/Q7_Poral/Saved/Config/WindowsEditor/EditorPerProjectUserSettings.ini" 713
"../../../Engine/Config/BaseEditorSettings.ini" 714
"C:/Users/kalde/AppData/Local/UnrealEngine/5.5/Saved/Config/WindowsEditor/EditorSettings.ini" 715
"../../../Engine/Config/BaseEditorKeyBindings.ini" 716
"C:/Users/kalde/AppData/Local/UnrealEngine/5.5/Saved/Config/WindowsEditor/EditorKeyBindings.ini" 717
"../../../Engine/Config/LinuxArm64/BaseLinuxArm64Engine.ini" 718
"../../../Engine/Config/Unix/UnixEngine.ini" 719
"../../../Engine/Config/LinuxArm64/LinuxArm64Engine.ini" 720
"../../../Engine/Config/Mac/BaseMacEngine.ini" 721
"../../../Engine/Config/Mac/MacGame.ini" 722
"../../../Engine/Config/Mac/BaseMacInput.ini" 723
"../../../../../OneDrive - La Horde/B2/Quetes/Q7_Portal/Q7_Portal/Q7_Poral/Binaries/Win64/Q7_Poral-Win64-Shipping.target" 724
"../../../Engine/Config/Linux/BaseLinuxEngine.ini" 725
"../../../Engine/Config/IOS/BaseIOSEngine.ini" 726
"../../../Engine/Config/Android/BaseAndroidEngine.ini" 727
"../../../../../OneDrive - La Horde/B2/Quetes/Q7_Portal/Q7_Portal/Q7_Poral/Binaries/Win64/Q7_PoralEditor.target" 728
"../../../Engine/Config/Linux/LinuxEngine.ini" 729
"../../../Engine/Config/Android/AndroidEngine.ini" 730
"../../../Engine/Config/TVOS/TVOSEngine.ini" 731
"../../../Engine/Config/Android/BaseAndroidGame.ini" 732
"../../../Engine/Config/IOS/BaseIOSGame.ini" 733
"../../../Engine/Config/IOS/IOSGame.ini" 734
"../../../Engine/Config/Linux/LinuxGame.ini" 735
"../../../Engine/Config/IOS/IOSScalability.ini" 736
"../../../Engine/Config/Android/AndroidScalability.ini" 737
"../../../Engine/Config/IOS/BaseIOSInstallBundle.ini" 738
"../../../Engine/Config/PluginBase.ini" 739
"../../../Engine/Platforms/VisionOS/Config/BaseVisionOSEngine.ini" 740
"../../../Engine/Config/Android/BaseAndroidInstallBundle.ini" 741
"../../../Engine/Plugins/ChaosVD/Config/DefaultChaosVD.ini" 742
"../../../Engine/Platforms/VisionOS/Config/VisionOSEngine.ini" 743
"../../../Engine/Plugins/EnhancedInput/Config/BaseEnhancedInput.ini" 744
"../../../Engine/Plugins/Fab/Config/BaseFab.ini" 745
"../../../Engine/Plugins/TraceUtilities/Config/BaseTraceUtilities.ini" 746
"../../../Engine/Plugins/Enterprise/DatasmithContent/Config/BaseDatasmithContent.ini" 747
"../../../Engine/Plugins/Enterprise/GLTFExporter/Config/BaseGLTFExporter.ini" 748
"../../../Engine/Plugins/Enterprise/GLTFExporter/Config/DefaultGLTFExporter.ini" 749
"../../../Engine/Plugins/Enterprise/VariantManagerContent/Config/BaseVariantManagerContent.ini" 750
"../../../Engine/Plugins/Runtime/HairStrands/Config/BaseHairStrands.ini" 751
"../../../Engine/Plugins/Runtime/Metasound/Config/BaseMetasound.ini" 752
"../../../Engine/Plugins/Runtime/Metasound/Config/DefaultMetasound.ini" 753
"../../../Engine/Plugins/Runtime/RigVM/Config/BaseRigVM.ini" 754
"../../../Engine/Plugins/Runtime/StateTree/Config/BaseStateTree.ini" 755
"../../../Engine/Plugins/Runtime/Synthesis/Config/BaseSynthesis.ini" 756
"../../../Engine/Plugins/Runtime/USDCore/Config/BaseUSDCore.ini" 757
"../../../Engine/Plugins/2D/Paper2D/Config/BasePaper2D.ini" 758
"../../../Engine/Plugins/Animation/ControlRig/Config/BaseControlRig.ini" 759
"../../../Engine/Plugins/Animation/IKRig/Config/BaseIKRig.ini" 760
"../../../Engine/Plugins/Animation/LiveLink/Config/BaseLiveLink.ini" 761
"../../../Engine/Plugins/Animation/DeformerGraph/Config/BaseDeformerGraph.ini" 762
"../../../Engine/Plugins/Cameras/GameplayCameras/Config/BaseGameplayCameras.ini" 763
"../../../Engine/Plugins/Editor/EditorScriptingUtilities/Config/BaseEditorScriptingUtilities.ini" 764
"../../../Engine/Plugins/Experimental/FullBodyIK/Config/BaseFullBodyIK.ini" 765
"../../../Engine/Plugins/Experimental/ToolPresets/Config/BaseToolPresets.ini" 766
"../../../Engine/Plugins/FX/Niagara/Config/BaseNiagara.ini" 767
"../../../Engine/Plugins/Interchange/Assets/Config/BaseInterchangeAssets.ini" 768
"../../../Engine/Plugins/Interchange/Runtime/Config/BaseInterchange.ini" 769
"../../../Engine/Plugins/VirtualProduction/Takes/Config/BaseTakes.ini" 770
"../../../Engine/Plugins/Experimental/Compositing/HoldoutComposite/Config/BaseHoldoutComposite.ini" 771
"../../../Engine/Plugins/Experimental/MetaHuman/MetaHumanSDK/Config/BaseMetaHumanSDK.ini" 772
"../../../Engine/Plugins/Developer/Concert/ConcertSync/ConcertSyncCore/Config/BaseConcertSyncCore.ini" 773
"../../../Engine/Plugins/ChaosVD/Config/Engine.ini" 774
"../../../Engine/Plugins/EnhancedInput/Config/Input.ini" 775
"../../../Engine/Plugins/NNE/NNEDenoiser/Config/Game.ini" 776
"../../../Engine/Plugins/Runtime/InputDebugging/Config/Input.ini" 777
"../../../Engine/Plugins/Runtime/RigVM/Config/Editor.ini" 778
"../../../Engine/Plugins/Runtime/Windows/XInputDevice/Config/Input.ini" 779
"../../../Engine/Plugins/Editor/ModelingToolsEditorMode/Binaries/Win64/UnrealEditor.modules" 780
"../../../Engine/Plugins/Runtime/MeshModelingToolset/Binaries/Win64/UnrealEditor.modules" 781
"../../../Engine/Plugins/Experimental/MeshModelingToolsetExp/Binaries/Win64/UnrealEditor.modules" 782
"../../../Engine/Plugins/Editor/MeshLODToolset/Binaries/Win64/UnrealEditor.modules" 783
"../../../Engine/Plugins/Experimental/ToolPresets/Binaries/Win64/UnrealEditor.modules" 784
"../../../Engine/Plugins/Editor/StylusInput/Binaries/Win64/UnrealEditor.modules" 785
"../../../Engine/Plugins/Runtime/GeometryProcessing/Binaries/Win64/UnrealEditor.modules" 786
"../../../Engine/Plugins/Editor/ProxyLODPlugin/Binaries/Win64/UnrealEditor.modules" 787
"../../../Engine/Plugins/Experimental/PlanarCutPlugin/Binaries/Win64/UnrealEditor.modules" 788
"../../../Engine/Plugins/Experimental/GeometryFlow/Binaries/Win64/UnrealEditor.modules" 789
"../../../Engine/Plugins/Editor/EditorScriptingUtilities/Binaries/Win64/UnrealEditor.modules" 790
"../../../Engine/Plugins/Bridge/Binaries/Win64/UnrealEditor.modules" 791
"../../../Engine/Plugins/Experimental/MetaHuman/MetaHumanSDK/Binaries/Win64/UnrealEditor.modules" 792
"../../../Engine/Plugins/Animation/ControlRig/Binaries/Win64/UnrealEditor.modules" 793
"../../../Engine/Plugins/Runtime/HairStrands/Binaries/Win64/UnrealEditor.modules" 794
"../../../Engine/Plugins/Animation/RigLogic/Binaries/Win64/UnrealEditor.modules" 795
"../../../Engine/Plugins/Runtime/RigVM/Binaries/Win64/UnrealEditor.modules" 796
"../../../Engine/Plugins/Experimental/PythonScriptPlugin/Binaries/Win64/UnrealEditor.modules" 797
"../../../Engine/Plugins/MovieScene/LevelSequenceEditor/Binaries/Win64/UnrealEditor.modules" 798
"../../../Engine/Plugins/Runtime/PropertyAccess/Binaries/Win64/UnrealEditor.modules" 799
"../../../Engine/Plugins/MovieScene/SequencerScripting/Binaries/Win64/UnrealEditor.modules" 800
"../../../Engine/Plugins/FX/Niagara/Binaries/Win64/UnrealEditor.modules" 801
"../../../Engine/Plugins/Runtime/GeometryCache/Binaries/Win64/UnrealEditor.modules" 802
"../../../Engine/Plugins/Animation/DeformerGraph/Binaries/Win64/UnrealEditor.modules" 803
"../../../Engine/Plugins/Editor/ContentBrowser/ContentBrowserFileDataSource/Binaries/Win64/UnrealEditor.modules" 804
"../../../Engine/Plugins/Runtime/ComputeFramework/Binaries/Win64/UnrealEditor.modules" 805
"../../../Engine/Plugins/ChaosCloth/Binaries/Win64/UnrealEditor.modules" 806
"../../../Engine/Plugins/Experimental/ChaosCaching/Binaries/Win64/UnrealEditor.modules" 807
"../../../Engine/Plugins/VirtualProduction/Takes/Binaries/Win64/UnrealEditor.modules" 808
"../../../Engine/Plugins/Runtime/AudioCapture/Binaries/Win64/UnrealEditor.modules" 809
"../../../Engine/Plugins/ChaosVD/Binaries/Win64/UnrealEditor.modules" 810
"../../../Engine/Plugins/CmdLinkServer/Binaries/Win64/UnrealEditor.modules" 811
"../../../Engine/Plugins/EnhancedInput/Binaries/Win64/UnrealEditor.modules" 812
"../../../Engine/Plugins/Editor/DataValidation/Binaries/Win64/UnrealEditor.modules" 813
"../../../Engine/Plugins/Fab/Binaries/Win64/UnrealEditor.modules" 814
"../../../Engine/Plugins/Interchange/Runtime/Binaries/Win64/UnrealEditor.modules" 815
"../../../Engine/Plugins/Online/EOSShared/Binaries/Win64/UnrealEditor.modules" 816
"../../../Engine/Plugins/Runtime/USDCore/Binaries/Win64/UnrealEditor.modules" 817
"../../../Engine/Plugins/Enterprise/VariantManagerContent/Binaries/Win64/UnrealEditor.modules" 818
"../../../Engine/Plugins/Enterprise/VariantManager/Binaries/Win64/UnrealEditor.modules" 819
"../../../Engine/Plugins/Animation/LiveLink/Binaries/Win64/UnrealEditor.modules" 820
"../../../Engine/Plugins/Developer/Concert/ConcertSync/ConcertSyncClient/Binaries/Win64/UnrealEditor.modules" 821
"../../../Engine/Plugins/Editor/ContentBrowser/ContentBrowserAssetDataSource/Binaries/Win64/UnrealEditor.modules" 822
"../../../Engine/Plugins/Developer/Concert/ConcertSync/ConcertSyncCore/Binaries/Win64/UnrealEditor.modules" 823
"../../../Engine/Plugins/Developer/Concert/ConcertMain/Binaries/Win64/UnrealEditor.modules" 824
"../../../Engine/Plugins/Runtime/Database/SQLiteCore/Binaries/Win64/UnrealEditor.modules" 825
"../../../Engine/Plugins/FastBuildController/Binaries/Win64/UnrealEditor.modules" 826
"../../../Engine/Plugins/MeshPainting/Binaries/Win64/UnrealEditor.modules" 827
"../../../Engine/Plugins/Interchange/Editor/Binaries/Win64/UnrealEditor.modules" 828
"../../../Engine/Plugins/RenderGraphInsights/Binaries/Win64/UnrealEditor.modules" 829
"../../../Engine/Plugins/TraceUtilities/Binaries/Win64/UnrealEditor.modules" 830
"../../../Engine/Plugins/UbaController/Binaries/Win64/UnrealEditor.modules" 831
"../../../Engine/Plugins/WorldMetrics/Binaries/Win64/UnrealEditor.modules" 832
"../../../Engine/Plugins/XGEController/Binaries/Win64/UnrealEditor.modules" 833
"../../../Engine/Plugins/Developer/AnimationSharing/Binaries/Win64/UnrealEditor.modules" 834
"../../../Engine/Plugins/Runtime/SignificanceManager/Binaries/Win64/UnrealEditor.modules" 835
"../../../Engine/Plugins/Compression/OodleNetwork/Binaries/Win64/UnrealEditor.modules" 836
"../../../Engine/Plugins/Developer/CLionSourceCodeAccess/Binaries/Win64/UnrealEditor.modules" 837
"../../../Engine/Plugins/Developer/DumpGPUServices/Binaries/Win64/UnrealEditor.modules" 838
"../../../Engine/Plugins/Developer/GitSourceControl/Binaries/Win64/UnrealEditor.modules" 839
"../../../Engine/Plugins/Developer/N10XSourceCodeAccess/Binaries/Win64/UnrealEditor.modules" 840
"../../../Engine/Plugins/Developer/PixWinPlugin/Binaries/Win64/UnrealEditor.modules" 841
"../../../Engine/Plugins/Developer/PerforceSourceControl/Binaries/Win64/UnrealEditor.modules" 842
"../../../Engine/Plugins/Developer/PropertyAccessNode/Binaries/Win64/UnrealEditor.modules" 843
"../../../Engine/Plugins/Developer/RenderDocPlugin/Binaries/Win64/UnrealEditor.modules" 844
"../../../Engine/Plugins/Developer/RiderSourceCodeAccess/Binaries/Win64/UnrealEditor.modules" 845
"../../../Engine/Plugins/Developer/SubversionSourceControl/Binaries/Win64/UnrealEditor.modules" 846
"../../../Engine/Plugins/Developer/TextureFormatOodle/Binaries/Win64/UnrealEditor.modules" 847
"../../../Engine/Plugins/Developer/PlasticSourceControl/Binaries/Win64/UnrealEditor.modules" 848
"../../../Engine/Plugins/Developer/UObjectPlugin/Binaries/Win64/UnrealEditor.modules" 849
"../../../Engine/Plugins/Developer/VisualStudioCodeSourceCodeAccess/Binaries/Win64/UnrealEditor.modules" 850
"../../../Engine/Plugins/Developer/VisualStudioSourceCodeAccess/Binaries/Win64/UnrealEditor.modules" 851
"../../../Engine/Plugins/Enterprise/DatasmithContent/Binaries/Win64/UnrealEditor.modules" 852
"../../../Engine/Plugins/Enterprise/GLTFExporter/Binaries/Win64/UnrealEditor.modules" 853
"../../../Engine/Plugins/Importers/AlembicImporter/Binaries/Win64/UnrealEditor.modules" 854
"../../../Engine/Plugins/Media/AndroidMedia/Binaries/Win64/UnrealEditor.modules" 855
"../../../Engine/Plugins/Media/AvfMedia/Binaries/Win64/UnrealEditor.modules" 856
"../../../Engine/Plugins/Media/ImgMedia/Binaries/Win64/UnrealEditor.modules" 857
"../../../Engine/Plugins/Media/MediaPlayerEditor/Binaries/Win64/UnrealEditor.modules" 858
"../../../Engine/Plugins/Media/MediaCompositing/Binaries/Win64/UnrealEditor.modules" 859
"../../../Engine/Plugins/Media/MediaPlate/Binaries/Win64/UnrealEditor.modules" 860
"../../../Engine/Plugins/Experimental/Compositing/HoldoutComposite/Binaries/Win64/UnrealEditor.modules" 861
"../../../Engine/Plugins/Developer/PluginUtils/Binaries/Win64/UnrealEditor.modules" 862
"../../../Engine/Plugins/Media/WmfMedia/Binaries/Win64/UnrealEditor.modules" 863
"../../../Engine/Plugins/Messaging/TcpMessaging/Binaries/Win64/UnrealEditor.modules" 864
"../../../Engine/Plugins/Messaging/UdpMessaging/Binaries/Win64/UnrealEditor.modules" 865
"../../../Engine/Plugins/Online/OnlineBase/Binaries/Win64/UnrealEditor.modules" 866
"../../../Engine/Plugins/Online/OnlineSubsystem/Binaries/Win64/UnrealEditor.modules" 867
"../../../Engine/Plugins/Online/OnlineSubsystemNull/Binaries/Win64/UnrealEditor.modules" 868
"../../../Engine/Plugins/Online/OnlineSubsystemUtils/Binaries/Win64/UnrealEditor.modules" 869
"../../../Engine/Plugins/Online/OnlineServices/Binaries/Win64/UnrealEditor.modules" 870
"../../../Engine/Plugins/NNE/NNEDenoiser/Binaries/Win64/UnrealEditor.modules" 871
"../../../Engine/Plugins/NNE/NNERuntimeORT/Binaries/Win64/UnrealEditor.modules" 872
"../../../Engine/Plugins/Runtime/ActorLayerUtilities/Binaries/Win64/UnrealEditor.modules" 873
"../../../Engine/Plugins/Runtime/AndroidDeviceProfileSelector/Binaries/Win64/UnrealEditor.modules" 874
"../../../Engine/Plugins/Runtime/AndroidFileServer/Binaries/Win64/UnrealEditor.modules" 875
"../../../Engine/Plugins/Runtime/AndroidPermission/Binaries/Win64/UnrealEditor.modules" 876
"../../../Engine/Plugins/Runtime/AppleImageUtils/Binaries/Win64/UnrealEditor.modules" 877
"../../../Engine/Plugins/Runtime/AssetTags/Binaries/Win64/UnrealEditor.modules" 878
"../../../Engine/Plugins/Runtime/ArchVisCharacter/Binaries/Win64/UnrealEditor.modules" 879
"../../../Engine/Plugins/Runtime/ChunkDownloader/Binaries/Win64/UnrealEditor.modules" 880
"../../../Engine/Plugins/Runtime/CableComponent/Binaries/Win64/UnrealEditor.modules" 881
"../../../Engine/Plugins/Runtime/ExampleDeviceProfileSelector/Binaries/Win64/UnrealEditor.modules" 882
"../../../Engine/Plugins/Runtime/CustomMeshComponent/Binaries/Win64/UnrealEditor.modules" 883
"../../../Engine/Plugins/Runtime/InputDebugging/Binaries/Win64/UnrealEditor.modules" 884
"../../../Engine/Plugins/Runtime/LocationServicesBPLibrary/Binaries/Win64/UnrealEditor.modules" 885
"../../../Engine/Plugins/Runtime/GooglePAD/Binaries/Win64/UnrealEditor.modules" 886
"../../../Engine/Plugins/Runtime/Metasound/Binaries/Win64/UnrealEditor.modules" 887
"../../../Engine/Plugins/Runtime/AudioWidgets/Binaries/Win64/UnrealEditor.modules" 888
"../../../Engine/Plugins/Runtime/AudioSynesthesia/Binaries/Win64/UnrealEditor.modules" 889
"../../../Engine/Plugins/Runtime/WaveTable/Binaries/Win64/UnrealEditor.modules" 890
"../../../Engine/Plugins/Runtime/MobilePatchingUtils/Binaries/Win64/UnrealEditor.modules" 891
"../../../Engine/Plugins/Runtime/MsQuic/Binaries/Win64/UnrealEditor.modules" 892
"../../../Engine/Plugins/Runtime/ProceduralMeshComponent/Binaries/Win64/UnrealEditor.modules" 893
"../../../Engine/Plugins/Runtime/ResonanceAudio/Binaries/Win64/UnrealEditor.modules" 894
"../../../Engine/Plugins/Runtime/SoundFields/Binaries/Win64/UnrealEditor.modules" 895
"../../../Engine/Plugins/Runtime/Synthesis/Binaries/Win64/UnrealEditor.modules" 896
"../../../Engine/Plugins/Runtime/WebMMoviePlayer/Binaries/Win64/UnrealEditor.modules" 897
"../../../Engine/Plugins/Media/WebMMedia/Binaries/Win64/UnrealEditor.modules" 898
"../../../Engine/Plugins/Runtime/WindowsMoviePlayer/Binaries/Win64/UnrealEditor.modules" 899
"../../../Engine/Plugins/Runtime/WindowsDeviceProfileSelector/Binaries/Win64/UnrealEditor.modules" 900
"../../../Engine/Plugins/2D/Paper2D/Binaries/Win64/UnrealEditor.modules" 901
"../../../Engine/Plugins/AI/AISupport/Binaries/Win64/UnrealEditor.modules" 902
"../../../Engine/Plugins/AI/EnvironmentQueryEditor/Binaries/Win64/UnrealEditor.modules" 903
"../../../Engine/Plugins/Animation/ACLPlugin/Binaries/Win64/UnrealEditor.modules" 904
"../../../Engine/Plugins/Animation/AnimationData/Binaries/Win64/UnrealEditor.modules" 905
"../../../Engine/Plugins/Animation/BlendSpaceMotionAnalysis/Binaries/Win64/UnrealEditor.modules" 906
"../../../Engine/Plugins/Animation/AnimationModifierLibrary/Binaries/Win64/UnrealEditor.modules" 907
"../../../Engine/Plugins/Animation/ControlRigSpline/Binaries/Win64/UnrealEditor.modules" 908
"../../../Engine/Plugins/Animation/IKRig/Binaries/Win64/UnrealEditor.modules" 909
"../../../Engine/Plugins/Experimental/FullBodyIK/Binaries/Win64/UnrealEditor.modules" 910
"../../../Engine/Plugins/Cameras/CameraShakePreviewer/Binaries/Win64/UnrealEditor.modules" 911
"../../../Engine/Plugins/Cameras/GameplayCameras/Binaries/Win64/UnrealEditor.modules" 912
"../../../Engine/Plugins/Runtime/StateTree/Binaries/Win64/UnrealEditor.modules" 913
"../../../Engine/Plugins/MovieScene/TemplateSequence/Binaries/Win64/UnrealEditor.modules" 914
"../../../Engine/Plugins/Cameras/EngineCameras/Binaries/Win64/UnrealEditor.modules" 915
"../../../Engine/Plugins/Editor/AssetManagerEditor/Binaries/Win64/UnrealEditor.modules" 916
"../../../Engine/Plugins/Editor/BlueprintHeaderView/Binaries/Win64/UnrealEditor.modules" 917
"../../../Engine/Plugins/Editor/ChangelistReview/Binaries/Win64/UnrealEditor.modules" 918
"../../../Engine/Plugins/Editor/ColorGrading/Binaries/Win64/UnrealEditor.modules" 919
"../../../Engine/Plugins/Editor/ObjectMixer/ObjectMixer/Binaries/Win64/UnrealEditor.modules" 920
"../../../Engine/Plugins/Editor/CryptoKeys/Binaries/Win64/UnrealEditor.modules" 921
"../../../Engine/Plugins/Editor/CurveEditorTools/Binaries/Win64/UnrealEditor.modules" 922
"../../../Engine/Plugins/Editor/EditorDebugTools/Binaries/Win64/UnrealEditor.modules" 923
"../../../Engine/Plugins/Editor/EngineAssetDefinitions/Binaries/Win64/UnrealEditor.modules" 924
"../../../Engine/Plugins/Editor/FacialAnimation/Binaries/Win64/UnrealEditor.modules" 925
"../../../Engine/Plugins/Editor/GeometryMode/Binaries/Win64/UnrealEditor.modules" 926
"../../../Engine/Plugins/Editor/GameplayTagsEditor/Binaries/Win64/UnrealEditor.modules" 927
"../../../Engine/Plugins/Editor/MaterialAnalyzer/Binaries/Win64/UnrealEditor.modules" 928
"../../../Engine/Plugins/Editor/MobileLauncherProfileWizard/Binaries/Win64/UnrealEditor.modules" 929
"../../../Engine/Plugins/Editor/SequencerAnimTools/Binaries/Win64/UnrealEditor.modules" 930
"../../../Engine/Plugins/Editor/SpeedTreeImporter/Binaries/Win64/UnrealEditor.modules" 931
"../../../Engine/Plugins/Editor/PluginBrowser/Binaries/Win64/UnrealEditor.modules" 932
"../../../Engine/Plugins/Editor/UMGWidgetPreview/Binaries/Win64/UnrealEditor.modules" 933
"../../../Engine/Plugins/Editor/UVEditor/Binaries/Win64/UnrealEditor.modules" 934
"../../../Engine/Plugins/Editor/WorldPartitionHLODUtilities/Binaries/Win64/UnrealEditor.modules" 935
"../../../Engine/Plugins/Experimental/AdvancedRenamer/Binaries/Win64/UnrealEditor.modules" 936
"../../../Engine/Plugins/Experimental/AutomationUtils/Binaries/Win64/UnrealEditor.modules" 937
"../../../Engine/Plugins/Experimental/BackChannel/Binaries/Win64/UnrealEditor.modules" 938
"../../../Engine/Plugins/Experimental/ChaosNiagara/Binaries/Win64/UnrealEditor.modules" 939
"../../../Engine/Plugins/Experimental/ChaosSolverPlugin/Binaries/Win64/UnrealEditor.modules" 940
"../../../Engine/Plugins/Experimental/ChaosEditor/Binaries/Win64/UnrealEditor.modules" 941
"../../../Engine/Plugins/Experimental/GeometryCollectionPlugin/Binaries/Win64/UnrealEditor.modules" 942
"../../../Engine/Plugins/Experimental/Fracture/Binaries/Win64/UnrealEditor.modules" 943
"../../../Engine/Plugins/Experimental/Dataflow/Binaries/Win64/UnrealEditor.modules" 944
"../../../Engine/Plugins/Experimental/CharacterFXEditor/BaseCharacterFXEditor/Binaries/Win64/UnrealEditor.modules" 945
"../../../Engine/Plugins/Experimental/ChaosUserDataPT/Binaries/Win64/UnrealEditor.modules" 946
"../../../Engine/Plugins/Experimental/CharacterAI/Binaries/Win64/UnrealEditor.modules" 947
"../../../Engine/Plugins/Experimental/EditorDataStorage/Binaries/Win64/UnrealEditor.modules" 948
"../../../Engine/Plugins/Experimental/EditorPerformance/Binaries/Win64/UnrealEditor.modules" 949
"../../../Engine/Plugins/Experimental/StudioTelemetry/Binaries/Win64/UnrealEditor.modules" 950
"../../../Engine/Plugins/Experimental/EditorTelemetry/Binaries/Win64/UnrealEditor.modules" 951
"../../../Engine/Plugins/Experimental/LocalizableMessage/Binaries/Win64/UnrealEditor.modules" 952
"../../../Engine/Plugins/Experimental/NFORDenoise/Binaries/Win64/UnrealEditor.modules" 953
"../../../Engine/Plugins/Experimental/PlatformCrypto/Binaries/Win64/UnrealEditor.modules" 954
"../../../Engine/Plugins/Experimental/SkeletalReduction/Binaries/Win64/UnrealEditor.modules" 955
"../../../Engine/Plugins/FX/NiagaraSimCaching/Binaries/Win64/UnrealEditor.modules" 956
"../../../Engine/Plugins/MovieScene/ActorSequence/Binaries/Win64/UnrealEditor.modules" 957
"../../../Engine/Plugins/Portal/LauncherChunkInstaller/Binaries/Win64/UnrealEditor.modules" 958
"../../../Engine/Plugins/Tests/InterchangeTests/Binaries/Win64/UnrealEditor.modules" 959
"../../../Engine/Plugins/Experimental/Animation/SkeletalMeshModelingTools/Binaries/Win64/UnrealEditor.modules" 960
"../../../Engine/Plugins/Marketplace/Developer/RiderLink/Binaries/Win64/UnrealEditor.modules" 961
"../../../Engine/Plugins/Editor/ContentBrowser/ContentBrowserClassDataSource/Binaries/Win64/UnrealEditor.modules" 962
"../../../Engine/Plugins/Runtime/Windows/XInputDevice/Binaries/Win64/UnrealEditor.modules" 963
"../../../Engine/Plugins/Editor/Localization/PortableObjectFileDataSource/Binaries/Win64/UnrealEditor.modules" 964
"../../../Engine/Plugins/Editor/ObjectMixer/LightMixer/Binaries/Win64/UnrealEditor.modules" 965
"../../../Engine/Config/BaseSourceControlSettings.ini" 966
"../../../Engine/Content/Internationalization/icudt64l/coll/ucadata.icu" 967
"../../../Engine/Content/Internationalization/icudt64l/coll/en_US.res" 968
"../../../Engine/Content/Internationalization/icudt64l/coll/en.res" 969
"../../../Engine/Content/Internationalization/icudt64l/coll/root.res" 970
"../../../Engine/Content/Certificates/ThirdParty/cacert.pem" 971
"../../../Engine/Config/ConsoleVariables.ini" 972
"../../../Engine/Binaries/Win64/Android/UnrealEditor.modules" 973
"../../../Engine/Binaries/Win64/IOS/UnrealEditor.modules" 974
"../../../Engine/Binaries/Win64/Linux/UnrealEditor.modules" 975
"../../../Engine/Binaries/Win64/LinuxArm64/UnrealEditor.modules" 976
"../../../Engine/Content/Localization/Editor/en/Editor.locres" 977
"../../../Engine/Content/Localization/EditorTutorials/en/EditorTutorials.locres" 978
"../../../Engine/Content/Localization/Keywords/en/Keywords.locres" 979
"../../../Engine/Content/Localization/Category/en/Category.locres" 980
"../../../Engine/Content/Localization/ToolTips/en/ToolTips.locres" 981
"../../../Engine/Content/Localization/PropertyNames/en/PropertyNames.locres" 982
"../../../Engine/Content/Localization/Engine/en/Engine.locres" 983
"../../../Engine/Plugins/Online/OnlineSubsystem/Content/Localization/OnlineSubsystem/en/OnlineSubsystem.locres" 984
"../../../Engine/Plugins/Online/OnlineSubsystemUtils/Content/Localization/OnlineSubsystemUtils/en/OnlineSubsystemUtils.locres" 985
"../../../Engine/Plugins/Online/Android/OnlineSubsystemGooglePlay/Content/Localization/OnlineSubsystemGooglePlay/en/OnlineSubsystemGooglePlay.locres" 986
"../../../Engine/Plugins/Online/IOS/OnlineSubsystemIOS/Content/Localization/OnlineSubsystemIOS/en/OnlineSubsystemIOS.locres" 987
"../../../Engine/Content/Internationalization/icudt64l/numberingSystems.res" 988
"../../../Engine/Content/Internationalization/icudt64l/curr/supplementalData.res" 989
"../../../Engine/Content/Internationalization/icudt64l/curr/en.res" 990
"../../../Engine/Content/Internationalization/icudt64l/curr/pool.res" 991
"../../../Engine/Content/Internationalization/icudt64l/curr/root.res" 992
"../../../Engine/Content/Internationalization/icudt64l/lang/af.res" 993
"../../../Engine/Content/Internationalization/icudt64l/region/af.res" 994
"../../../Engine/Content/Internationalization/icudt64l/lang/agq.res" 995
"../../../Engine/Content/Internationalization/icudt64l/region/agq.res" 996
"../../../Engine/Content/Internationalization/icudt64l/lang/ak.res" 997
"../../../Engine/Content/Internationalization/icudt64l/region/ak.res" 998
"../../../Engine/Content/Internationalization/icudt64l/lang/am.res" 999
"../../../Engine/Content/Internationalization/icudt64l/region/am.res" 1000
"../../../Engine/Content/Internationalization/icudt64l/lang/ar.res" 1001
"../../../Engine/Content/Internationalization/icudt64l/region/ar.res" 1002
"../../../Engine/Content/Internationalization/icudt64l/region/ar_AE.res" 1003
"../../../Engine/Content/Internationalization/icudt64l/lang/ar_EG.res" 1004
"../../../Engine/Content/Internationalization/icudt64l/lang/ar_LY.res" 1005
"../../../Engine/Content/Internationalization/icudt64l/region/ar_LY.res" 1006
"../../../Engine/Content/Internationalization/icudt64l/lang/ar_SA.res" 1007
"../../../Engine/Content/Internationalization/icudt64l/region/ar_SA.res" 1008
"../../../Engine/Content/Internationalization/icudt64l/lang/as.res" 1009
"../../../Engine/Content/Internationalization/icudt64l/region/as.res" 1010
"../../../Engine/Content/Internationalization/icudt64l/lang/asa.res" 1011
"../../../Engine/Content/Internationalization/icudt64l/region/asa.res" 1012
"../../../Engine/Content/Internationalization/icudt64l/lang/ast.res" 1013
"../../../Engine/Content/Internationalization/icudt64l/region/ast.res" 1014
"../../../Engine/Content/Internationalization/icudt64l/lang/az.res" 1015
"../../../Engine/Content/Internationalization/icudt64l/lang/az_Cyrl.res" 1016
"../../../Engine/Content/Internationalization/icudt64l/lang/az_AZ.res" 1017
"../../../Engine/Content/Internationalization/icudt64l/lang/az_Latn_AZ.res" 1018
"../../../Engine/Content/Internationalization/icudt64l/lang/az_Latn.res" 1019
"../../../Engine/Content/Internationalization/icudt64l/region/az_AZ.res" 1020
"../../../Engine/Content/Internationalization/icudt64l/region/az_Latn_AZ.res" 1021
"../../../Engine/Content/Internationalization/icudt64l/region/az_Latn.res" 1022
"../../../Engine/Content/Internationalization/icudt64l/region/az.res" 1023
"../../../Engine/Content/Internationalization/icudt64l/region/az_Cyrl.res" 1024
"../../../Engine/Content/Internationalization/icudt64l/lang/bas.res" 1025
"../../../Engine/Content/Internationalization/icudt64l/region/bas.res" 1026
"../../../Engine/Content/Internationalization/icudt64l/lang/be.res" 1027
"../../../Engine/Content/Internationalization/icudt64l/region/be.res" 1028
"../../../Engine/Content/Internationalization/icudt64l/lang/bem.res" 1029
"../../../Engine/Content/Internationalization/icudt64l/region/bem.res" 1030
"../../../Engine/Content/Internationalization/icudt64l/lang/bez.res" 1031
"../../../Engine/Content/Internationalization/icudt64l/region/bez.res" 1032
"../../../Engine/Content/Internationalization/icudt64l/lang/bg.res" 1033
"../../../Engine/Content/Internationalization/icudt64l/region/bg.res" 1034
"../../../Engine/Content/Internationalization/icudt64l/lang/bm.res" 1035
"../../../Engine/Content/Internationalization/icudt64l/region/bm.res" 1036
"../../../Engine/Content/Internationalization/icudt64l/lang/bn.res" 1037
"../../../Engine/Content/Internationalization/icudt64l/region/bn.res" 1038
"../../../Engine/Content/Internationalization/icudt64l/lang/bn_IN.res" 1039
"../../../Engine/Content/Internationalization/icudt64l/region/bn_IN.res" 1040
"../../../Engine/Content/Internationalization/icudt64l/lang/bo.res" 1041
"../../../Engine/Content/Internationalization/icudt64l/region/bo.res" 1042
"../../../Engine/Content/Internationalization/icudt64l/region/bo_IN.res" 1043
"../../../Engine/Content/Internationalization/icudt64l/lang/br.res" 1044
"../../../Engine/Content/Internationalization/icudt64l/region/br.res" 1045
"../../../Engine/Content/Internationalization/icudt64l/lang/brx.res" 1046
"../../../Engine/Content/Internationalization/icudt64l/region/brx.res" 1047
"../../../Engine/Content/Internationalization/icudt64l/lang/bs.res" 1048
"../../../Engine/Content/Internationalization/icudt64l/lang/bs_Cyrl.res" 1049
"../../../Engine/Content/Internationalization/icudt64l/lang/bs_BA.res" 1050
"../../../Engine/Content/Internationalization/icudt64l/lang/bs_Latn_BA.res" 1051
"../../../Engine/Content/Internationalization/icudt64l/lang/bs_Latn.res" 1052
"../../../Engine/Content/Internationalization/icudt64l/region/bs_BA.res" 1053
"../../../Engine/Content/Internationalization/icudt64l/region/bs_Latn_BA.res" 1054
"../../../Engine/Content/Internationalization/icudt64l/region/bs_Latn.res" 1055
"../../../Engine/Content/Internationalization/icudt64l/region/bs.res" 1056
"../../../Engine/Content/Internationalization/icudt64l/region/bs_Cyrl.res" 1057
"../../../Engine/Content/Internationalization/icudt64l/lang/ca.res" 1058
"../../../Engine/Content/Internationalization/icudt64l/region/ca.res" 1059
"../../../Engine/Content/Internationalization/icudt64l/lang/ccp.res" 1060
"../../../Engine/Content/Internationalization/icudt64l/region/ccp.res" 1061
"../../../Engine/Content/Internationalization/icudt64l/lang/ce.res" 1062
"../../../Engine/Content/Internationalization/icudt64l/region/ce.res" 1063
"../../../Engine/Content/Internationalization/icudt64l/lang/ceb.res" 1064
"../../../Engine/Content/Internationalization/icudt64l/region/ceb.res" 1065
"../../../Engine/Content/Internationalization/icudt64l/lang/cgg.res" 1066
"../../../Engine/Content/Internationalization/icudt64l/region/cgg.res" 1067
"../../../Engine/Content/Internationalization/icudt64l/lang/chr.res" 1068
"../../../Engine/Content/Internationalization/icudt64l/region/chr.res" 1069
"../../../Engine/Content/Internationalization/icudt64l/lang/ckb.res" 1070
"../../../Engine/Content/Internationalization/icudt64l/region/ckb.res" 1071
"../../../Engine/Content/Internationalization/icudt64l/lang/cs.res" 1072
"../../../Engine/Content/Internationalization/icudt64l/region/cs.res" 1073
"../../../Engine/Content/Internationalization/icudt64l/lang/cy.res" 1074
"../../../Engine/Content/Internationalization/icudt64l/region/cy.res" 1075
"../../../Engine/Content/Internationalization/icudt64l/lang/da.res" 1076
"../../../Engine/Content/Internationalization/icudt64l/region/da.res" 1077
"../../../Engine/Content/Internationalization/icudt64l/lang/dav.res" 1078
"../../../Engine/Content/Internationalization/icudt64l/region/dav.res" 1079
"../../../Engine/Content/Internationalization/icudt64l/lang/de.res" 1080
"../../../Engine/Content/Internationalization/icudt64l/lang/de_AT.res" 1081
"../../../Engine/Content/Internationalization/icudt64l/region/de_AT.res" 1082
"../../../Engine/Content/Internationalization/icudt64l/region/de.res" 1083
"../../../Engine/Content/Internationalization/icudt64l/lang/de_CH.res" 1084
"../../../Engine/Content/Internationalization/icudt64l/region/de_CH.res" 1085
"../../../Engine/Content/Internationalization/icudt64l/lang/de_LU.res" 1086
"../../../Engine/Content/Internationalization/icudt64l/lang/dje.res" 1087
"../../../Engine/Content/Internationalization/icudt64l/region/dje.res" 1088
"../../../Engine/Content/Internationalization/icudt64l/lang/dsb.res" 1089
"../../../Engine/Content/Internationalization/icudt64l/region/dsb.res" 1090
"../../../Engine/Content/Internationalization/icudt64l/lang/dua.res" 1091
"../../../Engine/Content/Internationalization/icudt64l/region/dua.res" 1092
"../../../Engine/Content/Internationalization/icudt64l/lang/dyo.res" 1093
"../../../Engine/Content/Internationalization/icudt64l/region/dyo.res" 1094
"../../../Engine/Content/Internationalization/icudt64l/lang/dz.res" 1095
"../../../Engine/Content/Internationalization/icudt64l/region/dz.res" 1096
"../../../Engine/Content/Internationalization/icudt64l/lang/ebu.res" 1097
"../../../Engine/Content/Internationalization/icudt64l/region/ebu.res" 1098
"../../../Engine/Content/Internationalization/icudt64l/lang/ee.res" 1099
"../../../Engine/Content/Internationalization/icudt64l/region/ee.res" 1100
"../../../Engine/Content/Internationalization/icudt64l/lang/el.res" 1101
"../../../Engine/Content/Internationalization/icudt64l/region/el.res" 1102
"../../../Engine/Content/Internationalization/icudt64l/lang/en_001.res" 1103
"../../../Engine/Content/Internationalization/icudt64l/lang/en_150.res" 1104
"../../../Engine/Content/Internationalization/icudt64l/region/en_150.res" 1105
"../../../Engine/Content/Internationalization/icudt64l/lang/en_AG.res" 1106
"../../../Engine/Content/Internationalization/icudt64l/region/en_AG.res" 1107
"../../../Engine/Content/Internationalization/icudt64l/lang/en_AI.res" 1108
"../../../Engine/Content/Internationalization/icudt64l/region/en_AI.res" 1109
"../../../Engine/Content/Internationalization/icudt64l/lang/en_AT.res" 1110
"../../../Engine/Content/Internationalization/icudt64l/region/en_AT.res" 1111
"../../../Engine/Content/Internationalization/icudt64l/lang/en_AU.res" 1112
"../../../Engine/Content/Internationalization/icudt64l/region/en_AU.res" 1113
"../../../Engine/Content/Internationalization/icudt64l/lang/en_BB.res" 1114
"../../../Engine/Content/Internationalization/icudt64l/region/en_BB.res" 1115
"../../../Engine/Content/Internationalization/icudt64l/lang/en_BE.res" 1116
"../../../Engine/Content/Internationalization/icudt64l/region/en_BE.res" 1117
"../../../Engine/Content/Internationalization/icudt64l/lang/en_BM.res" 1118
"../../../Engine/Content/Internationalization/icudt64l/region/en_BM.res" 1119
"../../../Engine/Content/Internationalization/icudt64l/lang/en_BS.res" 1120
"../../../Engine/Content/Internationalization/icudt64l/region/en_BS.res" 1121
"../../../Engine/Content/Internationalization/icudt64l/lang/en_BW.res" 1122
"../../../Engine/Content/Internationalization/icudt64l/region/en_BW.res" 1123
"../../../Engine/Content/Internationalization/icudt64l/lang/en_BZ.res" 1124
"../../../Engine/Content/Internationalization/icudt64l/region/en_BZ.res" 1125
"../../../Engine/Content/Internationalization/icudt64l/lang/en_CA.res" 1126
"../../../Engine/Content/Internationalization/icudt64l/region/en_CA.res" 1127
"../../../Engine/Content/Internationalization/icudt64l/lang/en_CC.res" 1128
"../../../Engine/Content/Internationalization/icudt64l/region/en_CC.res" 1129
"../../../Engine/Content/Internationalization/icudt64l/lang/en_CH.res" 1130
"../../../Engine/Content/Internationalization/icudt64l/region/en_CH.res" 1131
"../../../Engine/Content/Internationalization/icudt64l/lang/en_CK.res" 1132
"../../../Engine/Content/Internationalization/icudt64l/region/en_CK.res" 1133
"../../../Engine/Content/Internationalization/icudt64l/lang/en_CM.res" 1134
"../../../Engine/Content/Internationalization/icudt64l/region/en_CM.res" 1135
"../../../Engine/Content/Internationalization/icudt64l/lang/en_CX.res" 1136
"../../../Engine/Content/Internationalization/icudt64l/region/en_CX.res" 1137
"../../../Engine/Content/Internationalization/icudt64l/lang/en_CY.res" 1138
"../../../Engine/Content/Internationalization/icudt64l/region/en_CY.res" 1139
"../../../Engine/Content/Internationalization/icudt64l/lang/en_DE.res" 1140
"../../../Engine/Content/Internationalization/icudt64l/region/en_DE.res" 1141
"../../../Engine/Content/Internationalization/icudt64l/lang/en_DG.res" 1142
"../../../Engine/Content/Internationalization/icudt64l/region/en_DG.res" 1143
"../../../Engine/Content/Internationalization/icudt64l/lang/en_DK.res" 1144
"../../../Engine/Content/Internationalization/icudt64l/region/en_DK.res" 1145
"../../../Engine/Content/Internationalization/icudt64l/lang/en_DM.res" 1146
"../../../Engine/Content/Internationalization/icudt64l/region/en_DM.res" 1147
"../../../Engine/Content/Internationalization/icudt64l/lang/en_ER.res" 1148
"../../../Engine/Content/Internationalization/icudt64l/region/en_ER.res" 1149
"../../../Engine/Content/Internationalization/icudt64l/lang/en_FI.res" 1150
"../../../Engine/Content/Internationalization/icudt64l/region/en_FI.res" 1151
"../../../Engine/Content/Internationalization/icudt64l/lang/en_FJ.res" 1152
"../../../Engine/Content/Internationalization/icudt64l/region/en_FJ.res" 1153
"../../../Engine/Content/Internationalization/icudt64l/lang/en_FK.res" 1154
"../../../Engine/Content/Internationalization/icudt64l/region/en_FK.res" 1155
"../../../Engine/Content/Internationalization/icudt64l/lang/en_FM.res" 1156
"../../../Engine/Content/Internationalization/icudt64l/region/en_FM.res" 1157
"../../../Engine/Content/Internationalization/icudt64l/lang/en_GB.res" 1158
"../../../Engine/Content/Internationalization/icudt64l/region/en_GB.res" 1159
"../../../Engine/Content/Internationalization/icudt64l/lang/en_GD.res" 1160
"../../../Engine/Content/Internationalization/icudt64l/region/en_GD.res" 1161
"../../../Engine/Content/Internationalization/icudt64l/lang/en_GG.res" 1162
"../../../Engine/Content/Internationalization/icudt64l/region/en_GG.res" 1163
"../../../Engine/Content/Internationalization/icudt64l/lang/en_GH.res" 1164
"../../../Engine/Content/Internationalization/icudt64l/region/en_GH.res" 1165
"../../../Engine/Content/Internationalization/icudt64l/lang/en_GI.res" 1166
"../../../Engine/Content/Internationalization/icudt64l/region/en_GI.res" 1167
"../../../Engine/Content/Internationalization/icudt64l/lang/en_GM.res" 1168
"../../../Engine/Content/Internationalization/icudt64l/region/en_GM.res" 1169
"../../../Engine/Content/Internationalization/icudt64l/lang/en_GY.res" 1170
"../../../Engine/Content/Internationalization/icudt64l/region/en_GY.res" 1171
"../../../Engine/Content/Internationalization/icudt64l/lang/en_HK.res" 1172
"../../../Engine/Content/Internationalization/icudt64l/region/en_HK.res" 1173
"../../../Engine/Content/Internationalization/icudt64l/lang/en_IE.res" 1174
"../../../Engine/Content/Internationalization/icudt64l/region/en_IE.res" 1175
"../../../Engine/Content/Internationalization/icudt64l/lang/en_IL.res" 1176
"../../../Engine/Content/Internationalization/icudt64l/region/en_IL.res" 1177
"../../../Engine/Content/Internationalization/icudt64l/lang/en_IM.res" 1178
"../../../Engine/Content/Internationalization/icudt64l/region/en_IM.res" 1179
"../../../Engine/Content/Internationalization/icudt64l/lang/en_IN.res" 1180
"../../../Engine/Content/Internationalization/icudt64l/region/en_IN.res" 1181
"../../../Engine/Content/Internationalization/icudt64l/lang/en_IO.res" 1182
"../../../Engine/Content/Internationalization/icudt64l/region/en_IO.res" 1183
"../../../Engine/Content/Internationalization/icudt64l/lang/en_JE.res" 1184
"../../../Engine/Content/Internationalization/icudt64l/region/en_JE.res" 1185
"../../../Engine/Content/Internationalization/icudt64l/lang/en_JM.res" 1186
"../../../Engine/Content/Internationalization/icudt64l/region/en_JM.res" 1187
"../../../Engine/Content/Internationalization/icudt64l/lang/en_KE.res" 1188
"../../../Engine/Content/Internationalization/icudt64l/region/en_KE.res" 1189
"../../../Engine/Content/Internationalization/icudt64l/lang/en_KI.res" 1190
"../../../Engine/Content/Internationalization/icudt64l/region/en_KI.res" 1191
"../../../Engine/Content/Internationalization/icudt64l/lang/en_KN.res" 1192
"../../../Engine/Content/Internationalization/icudt64l/region/en_KN.res" 1193
"../../../Engine/Content/Internationalization/icudt64l/lang/en_KY.res" 1194
"../../../Engine/Content/Internationalization/icudt64l/region/en_KY.res" 1195
"../../../Engine/Content/Internationalization/icudt64l/lang/en_LC.res" 1196
"../../../Engine/Content/Internationalization/icudt64l/region/en_LC.res" 1197
"../../../Engine/Content/Internationalization/icudt64l/lang/en_LR.res" 1198
"../../../Engine/Content/Internationalization/icudt64l/region/en_LR.res" 1199
"../../../Engine/Content/Internationalization/icudt64l/lang/en_LS.res" 1200
"../../../Engine/Content/Internationalization/icudt64l/region/en_LS.res" 1201
"../../../Engine/Content/Internationalization/icudt64l/lang/en_MG.res" 1202
"../../../Engine/Content/Internationalization/icudt64l/region/en_MG.res" 1203
"../../../Engine/Content/Internationalization/icudt64l/lang/en_MO.res" 1204
"../../../Engine/Content/Internationalization/icudt64l/region/en_MO.res" 1205
"../../../Engine/Content/Internationalization/icudt64l/lang/en_MS.res" 1206
"../../../Engine/Content/Internationalization/icudt64l/region/en_MS.res" 1207
"../../../Engine/Content/Internationalization/icudt64l/lang/en_MT.res" 1208
"../../../Engine/Content/Internationalization/icudt64l/region/en_MT.res" 1209
"../../../Engine/Content/Internationalization/icudt64l/lang/en_MU.res" 1210
"../../../Engine/Content/Internationalization/icudt64l/region/en_MU.res" 1211
"../../../Engine/Content/Internationalization/icudt64l/lang/en_MW.res" 1212
"../../../Engine/Content/Internationalization/icudt64l/region/en_MW.res" 1213
"../../../Engine/Content/Internationalization/icudt64l/lang/en_MY.res" 1214
"../../../Engine/Content/Internationalization/icudt64l/region/en_MY.res" 1215
"../../../Engine/Content/Internationalization/icudt64l/lang/en_NA.res" 1216
"../../../Engine/Content/Internationalization/icudt64l/region/en_NA.res" 1217
"../../../Engine/Content/Internationalization/icudt64l/lang/en_NF.res" 1218
"../../../Engine/Content/Internationalization/icudt64l/region/en_NF.res" 1219
"../../../Engine/Content/Internationalization/icudt64l/lang/en_NG.res" 1220
"../../../Engine/Content/Internationalization/icudt64l/region/en_NG.res" 1221
"../../../Engine/Content/Internationalization/icudt64l/lang/en_NL.res" 1222
"../../../Engine/Content/Internationalization/icudt64l/region/en_NL.res" 1223
"../../../Engine/Content/Internationalization/icudt64l/lang/en_NR.res" 1224
"../../../Engine/Content/Internationalization/icudt64l/region/en_NR.res" 1225
"../../../Engine/Content/Internationalization/icudt64l/lang/en_NU.res" 1226
"../../../Engine/Content/Internationalization/icudt64l/region/en_NU.res" 1227
"../../../Engine/Content/Internationalization/icudt64l/lang/en_NZ.res" 1228
"../../../Engine/Content/Internationalization/icudt64l/region/en_NZ.res" 1229
"../../../Engine/Content/Internationalization/icudt64l/lang/en_PG.res" 1230
"../../../Engine/Content/Internationalization/icudt64l/region/en_PG.res" 1231
"../../../Engine/Content/Internationalization/icudt64l/lang/en_PH.res" 1232
"../../../Engine/Content/Internationalization/icudt64l/region/en_PH.res" 1233
"../../../Engine/Content/Internationalization/icudt64l/lang/en_PK.res" 1234
"../../../Engine/Content/Internationalization/icudt64l/region/en_PK.res" 1235
"../../../Engine/Content/Internationalization/icudt64l/lang/en_PN.res" 1236
"../../../Engine/Content/Internationalization/icudt64l/region/en_PN.res" 1237
"../../../Engine/Content/Internationalization/icudt64l/lang/en_PW.res" 1238
"../../../Engine/Content/Internationalization/icudt64l/region/en_PW.res" 1239
"../../../Engine/Content/Internationalization/icudt64l/lang/en_RW.res" 1240
"../../../Engine/Content/Internationalization/icudt64l/region/en_RW.res" 1241
"../../../Engine/Content/Internationalization/icudt64l/lang/en_SB.res" 1242
"../../../Engine/Content/Internationalization/icudt64l/region/en_SB.res" 1243
"../../../Engine/Content/Internationalization/icudt64l/lang/en_SC.res" 1244
"../../../Engine/Content/Internationalization/icudt64l/region/en_SC.res" 1245
"../../../Engine/Content/Internationalization/icudt64l/lang/en_SD.res" 1246
"../../../Engine/Content/Internationalization/icudt64l/region/en_SD.res" 1247
"../../../Engine/Content/Internationalization/icudt64l/lang/en_SE.res" 1248
"../../../Engine/Content/Internationalization/icudt64l/region/en_SE.res" 1249
"../../../Engine/Content/Internationalization/icudt64l/lang/en_SG.res" 1250
"../../../Engine/Content/Internationalization/icudt64l/region/en_SG.res" 1251
"../../../Engine/Content/Internationalization/icudt64l/lang/en_SH.res" 1252
"../../../Engine/Content/Internationalization/icudt64l/region/en_SH.res" 1253
"../../../Engine/Content/Internationalization/icudt64l/lang/en_SI.res" 1254
"../../../Engine/Content/Internationalization/icudt64l/region/en_SI.res" 1255
"../../../Engine/Content/Internationalization/icudt64l/lang/en_SL.res" 1256
"../../../Engine/Content/Internationalization/icudt64l/region/en_SL.res" 1257
"../../../Engine/Content/Internationalization/icudt64l/lang/en_SS.res" 1258
"../../../Engine/Content/Internationalization/icudt64l/region/en_SS.res" 1259
"../../../Engine/Content/Internationalization/icudt64l/lang/en_SX.res" 1260
"../../../Engine/Content/Internationalization/icudt64l/region/en_SX.res" 1261
"../../../Engine/Content/Internationalization/icudt64l/lang/en_SZ.res" 1262
"../../../Engine/Content/Internationalization/icudt64l/region/en_SZ.res" 1263
"../../../Engine/Content/Internationalization/icudt64l/lang/en_TC.res" 1264
"../../../Engine/Content/Internationalization/icudt64l/region/en_TC.res" 1265
"../../../Engine/Content/Internationalization/icudt64l/lang/en_TK.res" 1266
"../../../Engine/Content/Internationalization/icudt64l/region/en_TK.res" 1267
"../../../Engine/Content/Internationalization/icudt64l/lang/en_TO.res" 1268
"../../../Engine/Content/Internationalization/icudt64l/region/en_TO.res" 1269
"../../../Engine/Content/Internationalization/icudt64l/lang/en_TT.res" 1270
"../../../Engine/Content/Internationalization/icudt64l/region/en_TT.res" 1271
"../../../Engine/Content/Internationalization/icudt64l/lang/en_TV.res" 1272
"../../../Engine/Content/Internationalization/icudt64l/region/en_TV.res" 1273
"../../../Engine/Content/Internationalization/icudt64l/lang/en_TZ.res" 1274
"../../../Engine/Content/Internationalization/icudt64l/region/en_TZ.res" 1275
"../../../Engine/Content/Internationalization/icudt64l/lang/en_UG.res" 1276
"../../../Engine/Content/Internationalization/icudt64l/region/en_UG.res" 1277
"../../../Engine/Content/Internationalization/icudt64l/lang/en_VC.res" 1278
"../../../Engine/Content/Internationalization/icudt64l/region/en_VC.res" 1279
"../../../Engine/Content/Internationalization/icudt64l/lang/en_VG.res" 1280
"../../../Engine/Content/Internationalization/icudt64l/region/en_VG.res" 1281
"../../../Engine/Content/Internationalization/icudt64l/lang/en_VU.res" 1282
"../../../Engine/Content/Internationalization/icudt64l/region/en_VU.res" 1283
"../../../Engine/Content/Internationalization/icudt64l/lang/en_WS.res" 1284
"../../../Engine/Content/Internationalization/icudt64l/region/en_WS.res" 1285
"../../../Engine/Content/Internationalization/icudt64l/lang/en_ZA.res" 1286
"../../../Engine/Content/Internationalization/icudt64l/region/en_ZA.res" 1287
"../../../Engine/Content/Internationalization/icudt64l/lang/en_ZM.res" 1288
"../../../Engine/Content/Internationalization/icudt64l/region/en_ZM.res" 1289
"../../../Engine/Content/Internationalization/icudt64l/lang/en_ZW.res" 1290
"../../../Engine/Content/Internationalization/icudt64l/region/en_ZW.res" 1291
"../../../Engine/Content/Internationalization/icudt64l/lang/eo.res" 1292
"../../../Engine/Content/Internationalization/icudt64l/region/eo.res" 1293
"../../../Engine/Content/Internationalization/icudt64l/lang/es.res" 1294
"../../../Engine/Content/Internationalization/icudt64l/lang/es_419.res" 1295
"../../../Engine/Content/Internationalization/icudt64l/region/es_419.res" 1296
"../../../Engine/Content/Internationalization/icudt64l/region/es.res" 1297
"../../../Engine/Content/Internationalization/icudt64l/lang/es_AR.res" 1298
"../../../Engine/Content/Internationalization/icudt64l/region/es_AR.res" 1299
"../../../Engine/Content/Internationalization/icudt64l/lang/es_BO.res" 1300
"../../../Engine/Content/Internationalization/icudt64l/region/es_BO.res" 1301
"../../../Engine/Content/Internationalization/icudt64l/lang/es_BR.res" 1302
"../../../Engine/Content/Internationalization/icudt64l/region/es_BR.res" 1303
"../../../Engine/Content/Internationalization/icudt64l/lang/es_BZ.res" 1304
"../../../Engine/Content/Internationalization/icudt64l/region/es_BZ.res" 1305
"../../../Engine/Content/Internationalization/icudt64l/lang/es_CL.res" 1306
"../../../Engine/Content/Internationalization/icudt64l/region/es_CL.res" 1307
"../../../Engine/Content/Internationalization/icudt64l/lang/es_CO.res" 1308
"../../../Engine/Content/Internationalization/icudt64l/region/es_CO.res" 1309
"../../../Engine/Content/Internationalization/icudt64l/lang/es_CR.res" 1310
"../../../Engine/Content/Internationalization/icudt64l/region/es_CR.res" 1311
"../../../Engine/Content/Internationalization/icudt64l/lang/es_CU.res" 1312
"../../../Engine/Content/Internationalization/icudt64l/region/es_CU.res" 1313
"../../../Engine/Content/Internationalization/icudt64l/lang/es_DO.res" 1314
"../../../Engine/Content/Internationalization/icudt64l/region/es_DO.res" 1315
"../../../Engine/Content/Internationalization/icudt64l/lang/es_EC.res" 1316
"../../../Engine/Content/Internationalization/icudt64l/region/es_EC.res" 1317
"../../../Engine/Content/Internationalization/icudt64l/lang/es_GT.res" 1318
"../../../Engine/Content/Internationalization/icudt64l/region/es_GT.res" 1319
"../../../Engine/Content/Internationalization/icudt64l/lang/es_HN.res" 1320
"../../../Engine/Content/Internationalization/icudt64l/region/es_HN.res" 1321
"../../../Engine/Content/Internationalization/icudt64l/lang/es_MX.res" 1322
"../../../Engine/Content/Internationalization/icudt64l/region/es_MX.res" 1323
"../../../Engine/Content/Internationalization/icudt64l/lang/es_NI.res" 1324
"../../../Engine/Content/Internationalization/icudt64l/region/es_NI.res" 1325
"../../../Engine/Content/Internationalization/icudt64l/lang/es_PA.res" 1326
"../../../Engine/Content/Internationalization/icudt64l/region/es_PA.res" 1327
"../../../Engine/Content/Internationalization/icudt64l/lang/es_PE.res" 1328
"../../../Engine/Content/Internationalization/icudt64l/region/es_PE.res" 1329
"../../../Engine/Content/Internationalization/icudt64l/lang/es_PR.res" 1330
"../../../Engine/Content/Internationalization/icudt64l/region/es_PR.res" 1331
"../../../Engine/Content/Internationalization/icudt64l/lang/es_PY.res" 1332
"../../../Engine/Content/Internationalization/icudt64l/region/es_PY.res" 1333
"../../../Engine/Content/Internationalization/icudt64l/lang/es_SV.res" 1334
"../../../Engine/Content/Internationalization/icudt64l/region/es_SV.res" 1335
"../../../Engine/Content/Internationalization/icudt64l/lang/es_US.res" 1336
"../../../Engine/Content/Internationalization/icudt64l/region/es_US.res" 1337
"../../../Engine/Content/Internationalization/icudt64l/lang/es_UY.res" 1338
"../../../Engine/Content/Internationalization/icudt64l/region/es_UY.res" 1339
"../../../Engine/Content/Internationalization/icudt64l/lang/es_VE.res" 1340
"../../../Engine/Content/Internationalization/icudt64l/region/es_VE.res" 1341
"../../../Engine/Content/Internationalization/icudt64l/lang/et.res" 1342
"../../../Engine/Content/Internationalization/icudt64l/region/et.res" 1343
"../../../Engine/Content/Internationalization/icudt64l/lang/eu.res" 1344
"../../../Engine/Content/Internationalization/icudt64l/region/eu.res" 1345
"../../../Engine/Content/Internationalization/icudt64l/lang/ewo.res" 1346
"../../../Engine/Content/Internationalization/icudt64l/region/ewo.res" 1347
"../../../Engine/Content/Internationalization/icudt64l/lang/fa.res" 1348
"../../../Engine/Content/Internationalization/icudt64l/lang/fa_AF.res" 1349
"../../../Engine/Content/Internationalization/icudt64l/region/fa_AF.res" 1350
"../../../Engine/Content/Internationalization/icudt64l/region/fa.res" 1351
"../../../Engine/Content/Internationalization/icudt64l/lang/ff.res" 1352
"../../../Engine/Content/Internationalization/icudt64l/lang/ff_Latn.res" 1353
"../../../Engine/Content/Internationalization/icudt64l/region/ff.res" 1354
"../../../Engine/Content/Internationalization/icudt64l/region/ff_Latn.res" 1355
"../../../Engine/Content/Internationalization/icudt64l/lang/ff_CM.res" 1356
"../../../Engine/Content/Internationalization/icudt64l/lang/ff_Latn_CM.res" 1357
"../../../Engine/Content/Internationalization/icudt64l/region/ff_CM.res" 1358
"../../../Engine/Content/Internationalization/icudt64l/region/ff_Latn_CM.res" 1359
"../../../Engine/Content/Internationalization/icudt64l/lang/ff_GN.res" 1360
"../../../Engine/Content/Internationalization/icudt64l/lang/ff_Latn_GN.res" 1361
"../../../Engine/Content/Internationalization/icudt64l/region/ff_GN.res" 1362
"../../../Engine/Content/Internationalization/icudt64l/region/ff_Latn_GN.res" 1363
"../../../Engine/Content/Internationalization/icudt64l/lang/ff_MR.res" 1364
"../../../Engine/Content/Internationalization/icudt64l/lang/ff_Latn_MR.res" 1365
"../../../Engine/Content/Internationalization/icudt64l/region/ff_MR.res" 1366
"../../../Engine/Content/Internationalization/icudt64l/region/ff_Latn_MR.res" 1367
"../../../Engine/Content/Internationalization/icudt64l/lang/ff_SN.res" 1368
"../../../Engine/Content/Internationalization/icudt64l/lang/ff_Latn_SN.res" 1369
"../../../Engine/Content/Internationalization/icudt64l/region/ff_SN.res" 1370
"../../../Engine/Content/Internationalization/icudt64l/region/ff_Latn_SN.res" 1371
"../../../Engine/Content/Internationalization/icudt64l/lang/fi.res" 1372
"../../../Engine/Content/Internationalization/icudt64l/region/fi.res" 1373
"../../../Engine/Content/Internationalization/icudt64l/lang/fil.res" 1374
"../../../Engine/Content/Internationalization/icudt64l/lang/fil_PH.res" 1375
"../../../Engine/Content/Internationalization/icudt64l/region/fil_PH.res" 1376
"../../../Engine/Content/Internationalization/icudt64l/region/fil.res" 1377
"../../../Engine/Content/Internationalization/icudt64l/lang/fo.res" 1378
"../../../Engine/Content/Internationalization/icudt64l/region/fo.res" 1379
"../../../Engine/Content/Internationalization/icudt64l/lang/fr.res" 1380
"../../../Engine/Content/Internationalization/icudt64l/lang/fr_BE.res" 1381
"../../../Engine/Content/Internationalization/icudt64l/region/fr_BE.res" 1382
"../../../Engine/Content/Internationalization/icudt64l/region/fr.res" 1383
"../../../Engine/Content/Internationalization/icudt64l/lang/fr_CA.res" 1384
"../../../Engine/Content/Internationalization/icudt64l/region/fr_CA.res" 1385
"../../../Engine/Content/Internationalization/icudt64l/lang/fr_CH.res" 1386
"../../../Engine/Content/Internationalization/icudt64l/lang/fur.res" 1387
"../../../Engine/Content/Internationalization/icudt64l/region/fur.res" 1388
"../../../Engine/Content/Internationalization/icudt64l/lang/fy.res" 1389
"../../../Engine/Content/Internationalization/icudt64l/region/fy.res" 1390
"../../../Engine/Content/Internationalization/icudt64l/lang/ga.res" 1391
"../../../Engine/Content/Internationalization/icudt64l/region/ga.res" 1392
"../../../Engine/Content/Internationalization/icudt64l/lang/gd.res" 1393
"../../../Engine/Content/Internationalization/icudt64l/region/gd.res" 1394
"../../../Engine/Content/Internationalization/icudt64l/lang/gl.res" 1395
"../../../Engine/Content/Internationalization/icudt64l/region/gl.res" 1396
"../../../Engine/Content/Internationalization/icudt64l/lang/gsw.res" 1397
"../../../Engine/Content/Internationalization/icudt64l/region/gsw.res" 1398
"../../../Engine/Content/Internationalization/icudt64l/lang/gu.res" 1399
"../../../Engine/Content/Internationalization/icudt64l/region/gu.res" 1400
"../../../Engine/Content/Internationalization/icudt64l/lang/guz.res" 1401
"../../../Engine/Content/Internationalization/icudt64l/region/guz.res" 1402
"../../../Engine/Content/Internationalization/icudt64l/lang/gv.res" 1403
"../../../Engine/Content/Internationalization/icudt64l/region/gv.res" 1404
"../../../Engine/Content/Internationalization/icudt64l/lang/ha.res" 1405
"../../../Engine/Content/Internationalization/icudt64l/region/ha.res" 1406
"../../../Engine/Content/Internationalization/icudt64l/lang/ha_NE.res" 1407
"../../../Engine/Content/Internationalization/icudt64l/region/ha_NE.res" 1408
"../../../Engine/Content/Internationalization/icudt64l/lang/haw.res" 1409
"../../../Engine/Content/Internationalization/icudt64l/region/haw.res" 1410
"../../../Engine/Content/Internationalization/icudt64l/lang/he.res" 1411
"../../../Engine/Content/Internationalization/icudt64l/lang/he_IL.res" 1412
"../../../Engine/Content/Internationalization/icudt64l/region/he_IL.res" 1413
"../../../Engine/Content/Internationalization/icudt64l/region/he.res" 1414
"../../../Engine/Content/Internationalization/icudt64l/lang/hi.res" 1415
"../../../Engine/Content/Internationalization/icudt64l/region/hi.res" 1416
"../../../Engine/Content/Internationalization/icudt64l/lang/hr.res" 1417
"../../../Engine/Content/Internationalization/icudt64l/region/hr.res" 1418
"../../../Engine/Content/Internationalization/icudt64l/lang/hsb.res" 1419
"../../../Engine/Content/Internationalization/icudt64l/region/hsb.res" 1420
"../../../Engine/Content/Internationalization/icudt64l/lang/hu.res" 1421
"../../../Engine/Content/Internationalization/icudt64l/region/hu.res" 1422
"../../../Engine/Content/Internationalization/icudt64l/lang/hy.res" 1423
"../../../Engine/Content/Internationalization/icudt64l/region/hy.res" 1424
"../../../Engine/Content/Internationalization/icudt64l/lang/ia.res" 1425
"../../../Engine/Content/Internationalization/icudt64l/region/ia.res" 1426
"../../../Engine/Content/Internationalization/icudt64l/lang/id.res" 1427
"../../../Engine/Content/Internationalization/icudt64l/lang/id_ID.res" 1428
"../../../Engine/Content/Internationalization/icudt64l/region/id_ID.res" 1429
"../../../Engine/Content/Internationalization/icudt64l/region/id.res" 1430
"../../../Engine/Content/Internationalization/icudt64l/lang/ig.res" 1431
"../../../Engine/Content/Internationalization/icudt64l/region/ig.res" 1432
"../../../Engine/Content/Internationalization/icudt64l/lang/ii.res" 1433
"../../../Engine/Content/Internationalization/icudt64l/region/ii.res" 1434
"../../../Engine/Content/Internationalization/icudt64l/lang/is.res" 1435
"../../../Engine/Content/Internationalization/icudt64l/region/is.res" 1436
"../../../Engine/Content/Internationalization/icudt64l/lang/it.res" 1437
"../../../Engine/Content/Internationalization/icudt64l/region/it.res" 1438
"../../../Engine/Content/Internationalization/icudt64l/lang/ja.res" 1439
"../../../Engine/Content/Internationalization/icudt64l/lang/ja_JP.res" 1440
"../../../Engine/Content/Internationalization/icudt64l/region/ja_JP.res" 1441
"../../../Engine/Content/Internationalization/icudt64l/region/ja.res" 1442
"../../../Engine/Content/Internationalization/icudt64l/lang/jgo.res" 1443
"../../../Engine/Content/Internationalization/icudt64l/region/jgo.res" 1444
"../../../Engine/Content/Internationalization/icudt64l/lang/jmc.res" 1445
"../../../Engine/Content/Internationalization/icudt64l/region/jmc.res" 1446
"../../../Engine/Content/Internationalization/icudt64l/lang/jv.res" 1447
"../../../Engine/Content/Internationalization/icudt64l/region/jv.res" 1448
"../../../Engine/Content/Internationalization/icudt64l/lang/ka.res" 1449
"../../../Engine/Content/Internationalization/icudt64l/region/ka.res" 1450
"../../../Engine/Content/Internationalization/icudt64l/lang/kab.res" 1451
"../../../Engine/Content/Internationalization/icudt64l/region/kab.res" 1452
"../../../Engine/Content/Internationalization/icudt64l/lang/kam.res" 1453
"../../../Engine/Content/Internationalization/icudt64l/region/kam.res" 1454
"../../../Engine/Content/Internationalization/icudt64l/lang/kde.res" 1455
"../../../Engine/Content/Internationalization/icudt64l/region/kde.res" 1456
"../../../Engine/Content/Internationalization/icudt64l/lang/kea.res" 1457
"../../../Engine/Content/Internationalization/icudt64l/region/kea.res" 1458
"../../../Engine/Content/Internationalization/icudt64l/lang/khq.res" 1459
"../../../Engine/Content/Internationalization/icudt64l/region/khq.res" 1460
"../../../Engine/Content/Internationalization/icudt64l/lang/ki.res" 1461
"../../../Engine/Content/Internationalization/icudt64l/region/ki.res" 1462
"../../../Engine/Content/Internationalization/icudt64l/lang/kk.res" 1463
"../../../Engine/Content/Internationalization/icudt64l/region/kk.res" 1464
"../../../Engine/Content/Internationalization/icudt64l/lang/kkj.res" 1465
"../../../Engine/Content/Internationalization/icudt64l/region/kkj.res" 1466
"../../../Engine/Content/Internationalization/icudt64l/lang/kl.res" 1467
"../../../Engine/Content/Internationalization/icudt64l/region/kl.res" 1468
"../../../Engine/Content/Internationalization/icudt64l/lang/kln.res" 1469
"../../../Engine/Content/Internationalization/icudt64l/region/kln.res" 1470
"../../../Engine/Content/Internationalization/icudt64l/lang/km.res" 1471
"../../../Engine/Content/Internationalization/icudt64l/region/km.res" 1472
"../../../Engine/Content/Internationalization/icudt64l/lang/kn.res" 1473
"../../../Engine/Content/Internationalization/icudt64l/region/kn.res" 1474
"../../../Engine/Content/Internationalization/icudt64l/lang/ko.res" 1475
"../../../Engine/Content/Internationalization/icudt64l/region/ko_KP.res" 1476
"../../../Engine/Content/Internationalization/icudt64l/region/ko.res" 1477
"../../../Engine/Content/Internationalization/icudt64l/lang/kok.res" 1478
"../../../Engine/Content/Internationalization/icudt64l/region/kok.res" 1479
"../../../Engine/Content/Internationalization/icudt64l/lang/ks.res" 1480
"../../../Engine/Content/Internationalization/icudt64l/region/ks.res" 1481
"../../../Engine/Content/Internationalization/icudt64l/lang/ksb.res" 1482
"../../../Engine/Content/Internationalization/icudt64l/region/ksb.res" 1483
"../../../Engine/Content/Internationalization/icudt64l/lang/ksf.res" 1484
"../../../Engine/Content/Internationalization/icudt64l/region/ksf.res" 1485
"../../../Engine/Content/Internationalization/icudt64l/lang/ksh.res" 1486
"../../../Engine/Content/Internationalization/icudt64l/region/ksh.res" 1487
"../../../Engine/Content/Internationalization/icudt64l/lang/ku.res" 1488
"../../../Engine/Content/Internationalization/icudt64l/region/ku.res" 1489
"../../../Engine/Content/Internationalization/icudt64l/lang/kw.res" 1490
"../../../Engine/Content/Internationalization/icudt64l/region/kw.res" 1491
"../../../Engine/Content/Internationalization/icudt64l/lang/ky.res" 1492
"../../../Engine/Content/Internationalization/icudt64l/region/ky.res" 1493
"../../../Engine/Content/Internationalization/icudt64l/lang/lag.res" 1494
"../../../Engine/Content/Internationalization/icudt64l/region/lag.res" 1495
"../../../Engine/Content/Internationalization/icudt64l/lang/lb.res" 1496
"../../../Engine/Content/Internationalization/icudt64l/region/lb.res" 1497
"../../../Engine/Content/Internationalization/icudt64l/lang/lg.res" 1498
"../../../Engine/Content/Internationalization/icudt64l/region/lg.res" 1499
"../../../Engine/Content/Internationalization/icudt64l/lang/lkt.res" 1500
"../../../Engine/Content/Internationalization/icudt64l/region/lkt.res" 1501
"../../../Engine/Content/Internationalization/icudt64l/lang/ln.res" 1502
"../../../Engine/Content/Internationalization/icudt64l/region/ln.res" 1503
"../../../Engine/Content/Internationalization/icudt64l/lang/lo.res" 1504
"../../../Engine/Content/Internationalization/icudt64l/region/lo.res" 1505
"../../../Engine/Content/Internationalization/icudt64l/lang/lrc.res" 1506
"../../../Engine/Content/Internationalization/icudt64l/region/lrc.res" 1507
"../../../Engine/Content/Internationalization/icudt64l/lang/lt.res" 1508
"../../../Engine/Content/Internationalization/icudt64l/region/lt.res" 1509
"../../../Engine/Content/Internationalization/icudt64l/lang/lu.res" 1510
"../../../Engine/Content/Internationalization/icudt64l/region/lu.res" 1511
"../../../Engine/Content/Internationalization/icudt64l/lang/luo.res" 1512
"../../../Engine/Content/Internationalization/icudt64l/region/luo.res" 1513
"../../../Engine/Content/Internationalization/icudt64l/lang/luy.res" 1514
"../../../Engine/Content/Internationalization/icudt64l/region/luy.res" 1515
"../../../Engine/Content/Internationalization/icudt64l/lang/lv.res" 1516
"../../../Engine/Content/Internationalization/icudt64l/region/lv.res" 1517
"../../../Engine/Content/Internationalization/icudt64l/lang/mas.res" 1518
"../../../Engine/Content/Internationalization/icudt64l/region/mas.res" 1519
"../../../Engine/Content/Internationalization/icudt64l/lang/mer.res" 1520
"../../../Engine/Content/Internationalization/icudt64l/region/mer.res" 1521
"../../../Engine/Content/Internationalization/icudt64l/lang/mfe.res" 1522
"../../../Engine/Content/Internationalization/icudt64l/region/mfe.res" 1523
"../../../Engine/Content/Internationalization/icudt64l/lang/mg.res" 1524
"../../../Engine/Content/Internationalization/icudt64l/region/mg.res" 1525
"../../../Engine/Content/Internationalization/icudt64l/lang/mgh.res" 1526
"../../../Engine/Content/Internationalization/icudt64l/region/mgh.res" 1527
"../../../Engine/Content/Internationalization/icudt64l/lang/mgo.res" 1528
"../../../Engine/Content/Internationalization/icudt64l/region/mgo.res" 1529
"../../../Engine/Content/Internationalization/icudt64l/lang/mi.res" 1530
"../../../Engine/Content/Internationalization/icudt64l/region/mi.res" 1531
"../../../Engine/Content/Internationalization/icudt64l/lang/mk.res" 1532
"../../../Engine/Content/Internationalization/icudt64l/region/mk.res" 1533
"../../../Engine/Content/Internationalization/icudt64l/lang/ml.res" 1534
"../../../Engine/Content/Internationalization/icudt64l/region/ml.res" 1535
"../../../Engine/Content/Internationalization/icudt64l/lang/mn.res" 1536
"../../../Engine/Content/Internationalization/icudt64l/region/mn.res" 1537
"../../../Engine/Content/Internationalization/icudt64l/lang/mr.res" 1538
"../../../Engine/Content/Internationalization/icudt64l/region/mr.res" 1539
"../../../Engine/Content/Internationalization/icudt64l/lang/ms.res" 1540
"../../../Engine/Content/Internationalization/icudt64l/region/ms.res" 1541
"../../../Engine/Content/Internationalization/icudt64l/lang/mt.res" 1542
"../../../Engine/Content/Internationalization/icudt64l/region/mt.res" 1543
"../../../Engine/Content/Internationalization/icudt64l/lang/mua.res" 1544
"../../../Engine/Content/Internationalization/icudt64l/region/mua.res" 1545
"../../../Engine/Content/Internationalization/icudt64l/lang/my.res" 1546
"../../../Engine/Content/Internationalization/icudt64l/region/my.res" 1547
"../../../Engine/Content/Internationalization/icudt64l/lang/mzn.res" 1548
"../../../Engine/Content/Internationalization/icudt64l/region/mzn.res" 1549
"../../../Engine/Content/Internationalization/icudt64l/lang/naq.res" 1550
"../../../Engine/Content/Internationalization/icudt64l/region/naq.res" 1551
"../../../Engine/Content/Internationalization/icudt64l/lang/nb.res" 1552
"../../../Engine/Content/Internationalization/icudt64l/lang/nb_NO.res" 1553
"../../../Engine/Content/Internationalization/icudt64l/region/nb_NO.res" 1554
"../../../Engine/Content/Internationalization/icudt64l/region/nb.res" 1555
"../../../Engine/Content/Internationalization/icudt64l/lang/nd.res" 1556
"../../../Engine/Content/Internationalization/icudt64l/region/nd.res" 1557
"../../../Engine/Content/Internationalization/icudt64l/lang/nds.res" 1558
"../../../Engine/Content/Internationalization/icudt64l/region/nds.res" 1559
"../../../Engine/Content/Internationalization/icudt64l/lang/ne.res" 1560
"../../../Engine/Content/Internationalization/icudt64l/region/ne.res" 1561
"../../../Engine/Content/Internationalization/icudt64l/lang/nl.res" 1562
"../../../Engine/Content/Internationalization/icudt64l/region/nl.res" 1563
"../../../Engine/Content/Internationalization/icudt64l/lang/nmg.res" 1564
"../../../Engine/Content/Internationalization/icudt64l/region/nmg.res" 1565
"../../../Engine/Content/Internationalization/icudt64l/lang/nn.res" 1566
"../../../Engine/Content/Internationalization/icudt64l/lang/nn_NO.res" 1567
"../../../Engine/Content/Internationalization/icudt64l/region/nn_NO.res" 1568
"../../../Engine/Content/Internationalization/icudt64l/region/nn.res" 1569
"../../../Engine/Content/Internationalization/icudt64l/lang/nnh.res" 1570
"../../../Engine/Content/Internationalization/icudt64l/region/nnh.res" 1571
"../../../Engine/Content/Internationalization/icudt64l/lang/nus.res" 1572
"../../../Engine/Content/Internationalization/icudt64l/region/nus.res" 1573
"../../../Engine/Content/Internationalization/icudt64l/lang/nyn.res" 1574
"../../../Engine/Content/Internationalization/icudt64l/region/nyn.res" 1575
"../../../Engine/Content/Internationalization/icudt64l/lang/om.res" 1576
"../../../Engine/Content/Internationalization/icudt64l/region/om.res" 1577
"../../../Engine/Content/Internationalization/icudt64l/lang/or.res" 1578
"../../../Engine/Content/Internationalization/icudt64l/region/or.res" 1579
"../../../Engine/Content/Internationalization/icudt64l/lang/os.res" 1580
"../../../Engine/Content/Internationalization/icudt64l/region/os.res" 1581
"../../../Engine/Content/Internationalization/icudt64l/lang/pa.res" 1582
"../../../Engine/Content/Internationalization/icudt64l/lang/pa_Arab.res" 1583
"../../../Engine/Content/Internationalization/icudt64l/lang/pa_PK.res" 1584
"../../../Engine/Content/Internationalization/icudt64l/lang/pa_Arab_PK.res" 1585
"../../../Engine/Content/Internationalization/icudt64l/region/pa_PK.res" 1586
"../../../Engine/Content/Internationalization/icudt64l/region/pa_Arab_PK.res" 1587
"../../../Engine/Content/Internationalization/icudt64l/region/pa_Arab.res" 1588
"../../../Engine/Content/Internationalization/icudt64l/lang/pa_Guru.res" 1589
"../../../Engine/Content/Internationalization/icudt64l/lang/pa_IN.res" 1590
"../../../Engine/Content/Internationalization/icudt64l/lang/pa_Guru_IN.res" 1591
"../../../Engine/Content/Internationalization/icudt64l/region/pa_IN.res" 1592
"../../../Engine/Content/Internationalization/icudt64l/region/pa_Guru_IN.res" 1593
"../../../Engine/Content/Internationalization/icudt64l/region/pa_Guru.res" 1594
"../../../Engine/Content/Internationalization/icudt64l/region/pa.res" 1595
"../../../Engine/Content/Internationalization/icudt64l/lang/pl.res" 1596
"../../../Engine/Content/Internationalization/icudt64l/region/pl.res" 1597
"../../../Engine/Content/Internationalization/icudt64l/lang/ps.res" 1598
"../../../Engine/Content/Internationalization/icudt64l/region/ps.res" 1599
"../../../Engine/Content/Internationalization/icudt64l/lang/ps_PK.res" 1600
"../../../Engine/Content/Internationalization/icudt64l/region/ps_PK.res" 1601
"../../../Engine/Content/Internationalization/icudt64l/lang/pt.res" 1602
"../../../Engine/Content/Internationalization/icudt64l/lang/pt_AO.res" 1603
"../../../Engine/Content/Internationalization/icudt64l/lang/pt_PT.res" 1604
"../../../Engine/Content/Internationalization/icudt64l/region/pt_AO.res" 1605
"../../../Engine/Content/Internationalization/icudt64l/region/pt_PT.res" 1606
"../../../Engine/Content/Internationalization/icudt64l/region/pt.res" 1607
"../../../Engine/Content/Internationalization/icudt64l/lang/pt_CH.res" 1608
"../../../Engine/Content/Internationalization/icudt64l/region/pt_CH.res" 1609
"../../../Engine/Content/Internationalization/icudt64l/lang/pt_CV.res" 1610
"../../../Engine/Content/Internationalization/icudt64l/region/pt_CV.res" 1611
"../../../Engine/Content/Internationalization/icudt64l/lang/pt_GQ.res" 1612
"../../../Engine/Content/Internationalization/icudt64l/region/pt_GQ.res" 1613
"../../../Engine/Content/Internationalization/icudt64l/lang/pt_GW.res" 1614
"../../../Engine/Content/Internationalization/icudt64l/region/pt_GW.res" 1615
"../../../Engine/Content/Internationalization/icudt64l/lang/pt_LU.res" 1616
"../../../Engine/Content/Internationalization/icudt64l/region/pt_LU.res" 1617
"../../../Engine/Content/Internationalization/icudt64l/lang/pt_MO.res" 1618
"../../../Engine/Content/Internationalization/icudt64l/region/pt_MO.res" 1619
"../../../Engine/Content/Internationalization/icudt64l/lang/pt_MZ.res" 1620
"../../../Engine/Content/Internationalization/icudt64l/region/pt_MZ.res" 1621
"../../../Engine/Content/Internationalization/icudt64l/lang/pt_ST.res" 1622
"../../../Engine/Content/Internationalization/icudt64l/region/pt_ST.res" 1623
"../../../Engine/Content/Internationalization/icudt64l/lang/pt_TL.res" 1624
"../../../Engine/Content/Internationalization/icudt64l/region/pt_TL.res" 1625
"../../../Engine/Content/Internationalization/icudt64l/lang/qu.res" 1626
"../../../Engine/Content/Internationalization/icudt64l/region/qu.res" 1627
"../../../Engine/Content/Internationalization/icudt64l/lang/rm.res" 1628
"../../../Engine/Content/Internationalization/icudt64l/region/rm.res" 1629
"../../../Engine/Content/Internationalization/icudt64l/lang/rn.res" 1630
"../../../Engine/Content/Internationalization/icudt64l/region/rn.res" 1631
"../../../Engine/Content/Internationalization/icudt64l/lang/ro.res" 1632
"../../../Engine/Content/Internationalization/icudt64l/lang/ro_MD.res" 1633
"../../../Engine/Content/Internationalization/icudt64l/region/ro_MD.res" 1634
"../../../Engine/Content/Internationalization/icudt64l/region/ro.res" 1635
"../../../Engine/Content/Internationalization/icudt64l/lang/rof.res" 1636
"../../../Engine/Content/Internationalization/icudt64l/region/rof.res" 1637
"../../../Engine/Content/Internationalization/icudt64l/lang/ru.res" 1638
"../../../Engine/Content/Internationalization/icudt64l/region/ru.res" 1639
"../../../Engine/Content/Internationalization/icudt64l/region/ru_UA.res" 1640
"../../../Engine/Content/Internationalization/icudt64l/lang/rw.res" 1641
"../../../Engine/Content/Internationalization/icudt64l/region/rw.res" 1642
"../../../Engine/Content/Internationalization/icudt64l/lang/rwk.res" 1643
"../../../Engine/Content/Internationalization/icudt64l/region/rwk.res" 1644
"../../../Engine/Content/Internationalization/icudt64l/lang/sah.res" 1645
"../../../Engine/Content/Internationalization/icudt64l/region/sah.res" 1646
"../../../Engine/Content/Internationalization/icudt64l/lang/saq.res" 1647
"../../../Engine/Content/Internationalization/icudt64l/region/saq.res" 1648
"../../../Engine/Content/Internationalization/icudt64l/lang/sbp.res" 1649
"../../../Engine/Content/Internationalization/icudt64l/region/sbp.res" 1650
"../../../Engine/Content/Internationalization/icudt64l/lang/sd.res" 1651
"../../../Engine/Content/Internationalization/icudt64l/region/sd.res" 1652
"../../../Engine/Content/Internationalization/icudt64l/lang/se.res" 1653
"../../../Engine/Content/Internationalization/icudt64l/lang/se_FI.res" 1654
"../../../Engine/Content/Internationalization/icudt64l/region/se_FI.res" 1655
"../../../Engine/Content/Internationalization/icudt64l/region/se.res" 1656
"../../../Engine/Content/Internationalization/icudt64l/lang/seh.res" 1657
"../../../Engine/Content/Internationalization/icudt64l/region/seh.res" 1658
"../../../Engine/Content/Internationalization/icudt64l/lang/ses.res" 1659
"../../../Engine/Content/Internationalization/icudt64l/region/ses.res" 1660
"../../../Engine/Content/Internationalization/icudt64l/lang/sg.res" 1661
"../../../Engine/Content/Internationalization/icudt64l/region/sg.res" 1662
"../../../Engine/Content/Internationalization/icudt64l/lang/shi.res" 1663
"../../../Engine/Content/Internationalization/icudt64l/lang/shi_Latn.res" 1664
"../../../Engine/Content/Internationalization/icudt64l/lang/shi_MA.res" 1665
"../../../Engine/Content/Internationalization/icudt64l/lang/shi_Tfng_MA.res" 1666
"../../../Engine/Content/Internationalization/icudt64l/lang/shi_Tfng.res" 1667
"../../../Engine/Content/Internationalization/icudt64l/region/shi_MA.res" 1668
"../../../Engine/Content/Internationalization/icudt64l/region/shi_Tfng_MA.res" 1669
"../../../Engine/Content/Internationalization/icudt64l/region/shi_Tfng.res" 1670
"../../../Engine/Content/Internationalization/icudt64l/region/shi.res" 1671
"../../../Engine/Content/Internationalization/icudt64l/region/shi_Latn.res" 1672
"../../../Engine/Content/Internationalization/icudt64l/lang/si.res" 1673
"../../../Engine/Content/Internationalization/icudt64l/region/si.res" 1674
"../../../Engine/Content/Internationalization/icudt64l/lang/sk.res" 1675
"../../../Engine/Content/Internationalization/icudt64l/region/sk.res" 1676
"../../../Engine/Content/Internationalization/icudt64l/lang/sl.res" 1677
"../../../Engine/Content/Internationalization/icudt64l/region/sl.res" 1678
"../../../Engine/Content/Internationalization/icudt64l/lang/smn.res" 1679
"../../../Engine/Content/Internationalization/icudt64l/region/smn.res" 1680
"../../../Engine/Content/Internationalization/icudt64l/lang/sn.res" 1681
"../../../Engine/Content/Internationalization/icudt64l/region/sn.res" 1682
"../../../Engine/Content/Internationalization/icudt64l/lang/so.res" 1683
"../../../Engine/Content/Internationalization/icudt64l/region/so.res" 1684
"../../../Engine/Content/Internationalization/icudt64l/lang/sq.res" 1685
"../../../Engine/Content/Internationalization/icudt64l/region/sq.res" 1686
"../../../Engine/Content/Internationalization/icudt64l/lang/sr.res" 1687
"../../../Engine/Content/Internationalization/icudt64l/lang/sr_Cyrl.res" 1688
"../../../Engine/Content/Internationalization/icudt64l/lang/sr_BA.res" 1689
"../../../Engine/Content/Internationalization/icudt64l/lang/sr_Cyrl_BA.res" 1690
"../../../Engine/Content/Internationalization/icudt64l/region/sr_BA.res" 1691
"../../../Engine/Content/Internationalization/icudt64l/region/sr_Cyrl_BA.res" 1692
"../../../Engine/Content/Internationalization/icudt64l/region/sr_Cyrl.res" 1693
"../../../Engine/Content/Internationalization/icudt64l/region/sr.res" 1694
"../../../Engine/Content/Internationalization/icudt64l/lang/sr_ME.res" 1695
"../../../Engine/Content/Internationalization/icudt64l/lang/sr_Latn_ME.res" 1696
"../../../Engine/Content/Internationalization/icudt64l/lang/sr_Latn.res" 1697
"../../../Engine/Content/Internationalization/icudt64l/region/sr_ME.res" 1698
"../../../Engine/Content/Internationalization/icudt64l/region/sr_Latn_ME.res" 1699
"../../../Engine/Content/Internationalization/icudt64l/region/sr_Latn.res" 1700
"../../../Engine/Content/Internationalization/icudt64l/lang/sr_Cyrl_ME.res" 1701
"../../../Engine/Content/Internationalization/icudt64l/region/sr_Cyrl_ME.res" 1702
"../../../Engine/Content/Internationalization/icudt64l/lang/sr_RS.res" 1703
"../../../Engine/Content/Internationalization/icudt64l/lang/sr_Cyrl_RS.res" 1704
"../../../Engine/Content/Internationalization/icudt64l/region/sr_RS.res" 1705
"../../../Engine/Content/Internationalization/icudt64l/region/sr_Cyrl_RS.res" 1706
"../../../Engine/Content/Internationalization/icudt64l/lang/sr_XK.res" 1707
"../../../Engine/Content/Internationalization/icudt64l/lang/sr_Cyrl_XK.res" 1708
"../../../Engine/Content/Internationalization/icudt64l/region/sr_XK.res" 1709
"../../../Engine/Content/Internationalization/icudt64l/region/sr_Cyrl_XK.res" 1710
"../../../Engine/Content/Internationalization/icudt64l/lang/sr_Latn_BA.res" 1711
"../../../Engine/Content/Internationalization/icudt64l/region/sr_Latn_BA.res" 1712
"../../../Engine/Content/Internationalization/icudt64l/lang/sr_Latn_RS.res" 1713
"../../../Engine/Content/Internationalization/icudt64l/region/sr_Latn_RS.res" 1714
"../../../Engine/Content/Internationalization/icudt64l/lang/sr_Latn_XK.res" 1715
"../../../Engine/Content/Internationalization/icudt64l/region/sr_Latn_XK.res" 1716
"../../../Engine/Content/Internationalization/icudt64l/lang/sv.res" 1717
"../../../Engine/Content/Internationalization/icudt64l/region/sv.res" 1718
"../../../Engine/Content/Internationalization/icudt64l/lang/sv_FI.res" 1719
"../../../Engine/Content/Internationalization/icudt64l/lang/sw.res" 1720
"../../../Engine/Content/Internationalization/icudt64l/lang/sw_CD.res" 1721
"../../../Engine/Content/Internationalization/icudt64l/region/sw_CD.res" 1722
"../../../Engine/Content/Internationalization/icudt64l/region/sw.res" 1723
"../../../Engine/Content/Internationalization/icudt64l/lang/sw_KE.res" 1724
"../../../Engine/Content/Internationalization/icudt64l/region/sw_KE.res" 1725
"../../../Engine/Content/Internationalization/icudt64l/lang/ta.res" 1726
"../../../Engine/Content/Internationalization/icudt64l/region/ta.res" 1727
"../../../Engine/Content/Internationalization/icudt64l/lang/te.res" 1728
"../../../Engine/Content/Internationalization/icudt64l/region/te.res" 1729
"../../../Engine/Content/Internationalization/icudt64l/lang/teo.res" 1730
"../../../Engine/Content/Internationalization/icudt64l/region/teo.res" 1731
"../../../Engine/Content/Internationalization/icudt64l/lang/tg.res" 1732
"../../../Engine/Content/Internationalization/icudt64l/region/tg.res" 1733
"../../../Engine/Content/Internationalization/icudt64l/lang/th.res" 1734
"../../../Engine/Content/Internationalization/icudt64l/lang/th_TH.res" 1735
"../../../Engine/Content/Internationalization/icudt64l/region/th_TH.res" 1736
"../../../Engine/Content/Internationalization/icudt64l/region/th.res" 1737
"../../../Engine/Content/Internationalization/icudt64l/lang/ti.res" 1738
"../../../Engine/Content/Internationalization/icudt64l/region/ti.res" 1739
"../../../Engine/Content/Internationalization/icudt64l/lang/tk.res" 1740
"../../../Engine/Content/Internationalization/icudt64l/region/tk.res" 1741
"../../../Engine/Content/Internationalization/icudt64l/lang/to.res" 1742
"../../../Engine/Content/Internationalization/icudt64l/region/to.res" 1743
"../../../Engine/Content/Internationalization/icudt64l/lang/tr.res" 1744
"../../../Engine/Content/Internationalization/icudt64l/region/tr.res" 1745
"../../../Engine/Content/Internationalization/icudt64l/lang/tt.res" 1746
"../../../Engine/Content/Internationalization/icudt64l/region/tt.res" 1747
"../../../Engine/Content/Internationalization/icudt64l/lang/twq.res" 1748
"../../../Engine/Content/Internationalization/icudt64l/region/twq.res" 1749
"../../../Engine/Content/Internationalization/icudt64l/lang/tzm.res" 1750
"../../../Engine/Content/Internationalization/icudt64l/region/tzm.res" 1751
"../../../Engine/Content/Internationalization/icudt64l/lang/ug.res" 1752
"../../../Engine/Content/Internationalization/icudt64l/region/ug.res" 1753
"../../../Engine/Content/Internationalization/icudt64l/lang/uk.res" 1754
"../../../Engine/Content/Internationalization/icudt64l/region/uk.res" 1755
"../../../Engine/Content/Internationalization/icudt64l/lang/ur.res" 1756
"../../../Engine/Content/Internationalization/icudt64l/lang/ur_IN.res" 1757
"../../../Engine/Content/Internationalization/icudt64l/region/ur_IN.res" 1758
"../../../Engine/Content/Internationalization/icudt64l/region/ur.res" 1759
"../../../Engine/Content/Internationalization/icudt64l/lang/uz.res" 1760
"../../../Engine/Content/Internationalization/icudt64l/lang/uz_Arab.res" 1761
"../../../Engine/Content/Internationalization/icudt64l/lang/uz_AF.res" 1762
"../../../Engine/Content/Internationalization/icudt64l/lang/uz_Arab_AF.res" 1763
"../../../Engine/Content/Internationalization/icudt64l/region/uz_AF.res" 1764
"../../../Engine/Content/Internationalization/icudt64l/region/uz_Arab_AF.res" 1765
"../../../Engine/Content/Internationalization/icudt64l/region/uz_Arab.res" 1766
"../../../Engine/Content/Internationalization/icudt64l/lang/uz_Cyrl.res" 1767
"../../../Engine/Content/Internationalization/icudt64l/lang/uz_UZ.res" 1768
"../../../Engine/Content/Internationalization/icudt64l/lang/uz_Latn_UZ.res" 1769
"../../../Engine/Content/Internationalization/icudt64l/lang/uz_Latn.res" 1770
"../../../Engine/Content/Internationalization/icudt64l/region/uz_UZ.res" 1771
"../../../Engine/Content/Internationalization/icudt64l/region/uz_Latn_UZ.res" 1772
"../../../Engine/Content/Internationalization/icudt64l/region/uz_Latn.res" 1773
"../../../Engine/Content/Internationalization/icudt64l/region/uz.res" 1774
"../../../Engine/Content/Internationalization/icudt64l/region/uz_Cyrl.res" 1775
"../../../Engine/Content/Internationalization/icudt64l/lang/vai.res" 1776
"../../../Engine/Content/Internationalization/icudt64l/lang/vai_Latn.res" 1777
"../../../Engine/Content/Internationalization/icudt64l/lang/vai_LR.res" 1778
"../../../Engine/Content/Internationalization/icudt64l/lang/vai_Vaii_LR.res" 1779
"../../../Engine/Content/Internationalization/icudt64l/lang/vai_Vaii.res" 1780
"../../../Engine/Content/Internationalization/icudt64l/region/vai_LR.res" 1781
"../../../Engine/Content/Internationalization/icudt64l/region/vai_Vaii_LR.res" 1782
"../../../Engine/Content/Internationalization/icudt64l/region/vai_Vaii.res" 1783
"../../../Engine/Content/Internationalization/icudt64l/region/vai.res" 1784
"../../../Engine/Content/Internationalization/icudt64l/region/vai_Latn.res" 1785
"../../../Engine/Content/Internationalization/icudt64l/lang/vi.res" 1786
"../../../Engine/Content/Internationalization/icudt64l/region/vi.res" 1787
"../../../Engine/Content/Internationalization/icudt64l/lang/vun.res" 1788
"../../../Engine/Content/Internationalization/icudt64l/region/vun.res" 1789
"../../../Engine/Content/Internationalization/icudt64l/lang/wae.res" 1790
"../../../Engine/Content/Internationalization/icudt64l/region/wae.res" 1791
"../../../Engine/Content/Internationalization/icudt64l/lang/wo.res" 1792
"../../../Engine/Content/Internationalization/icudt64l/region/wo.res" 1793
"../../../Engine/Content/Internationalization/icudt64l/lang/xh.res" 1794
"../../../Engine/Content/Internationalization/icudt64l/region/xh.res" 1795
"../../../Engine/Content/Internationalization/icudt64l/lang/xog.res" 1796
"../../../Engine/Content/Internationalization/icudt64l/region/xog.res" 1797
"../../../Engine/Content/Internationalization/icudt64l/lang/yav.res" 1798
"../../../Engine/Content/Internationalization/icudt64l/region/yav.res" 1799
"../../../Engine/Content/Internationalization/icudt64l/lang/yi.res" 1800
"../../../Engine/Content/Internationalization/icudt64l/region/yi.res" 1801
"../../../Engine/Content/Internationalization/icudt64l/lang/yo.res" 1802
"../../../Engine/Content/Internationalization/icudt64l/lang/yo_BJ.res" 1803
"../../../Engine/Content/Internationalization/icudt64l/region/yo_BJ.res" 1804
"../../../Engine/Content/Internationalization/icudt64l/region/yo.res" 1805
"../../../Engine/Content/Internationalization/icudt64l/lang/yue.res" 1806
"../../../Engine/Content/Internationalization/icudt64l/lang/yue_Hans.res" 1807
"../../../Engine/Content/Internationalization/icudt64l/lang/yue_CN.res" 1808
"../../../Engine/Content/Internationalization/icudt64l/lang/yue_Hans_CN.res" 1809
"../../../Engine/Content/Internationalization/icudt64l/region/yue_CN.res" 1810
"../../../Engine/Content/Internationalization/icudt64l/region/yue_Hans_CN.res" 1811
"../../../Engine/Content/Internationalization/icudt64l/region/yue_Hans.res" 1812
"../../../Engine/Content/Internationalization/icudt64l/lang/yue_Hant.res" 1813
"../../../Engine/Content/Internationalization/icudt64l/lang/yue_HK.res" 1814
"../../../Engine/Content/Internationalization/icudt64l/lang/yue_Hant_HK.res" 1815
"../../../Engine/Content/Internationalization/icudt64l/region/yue_HK.res" 1816
"../../../Engine/Content/Internationalization/icudt64l/region/yue_Hant_HK.res" 1817
"../../../Engine/Content/Internationalization/icudt64l/region/yue_Hant.res" 1818
"../../../Engine/Content/Internationalization/icudt64l/region/yue.res" 1819
"../../../Engine/Content/Internationalization/icudt64l/lang/zgh.res" 1820
"../../../Engine/Content/Internationalization/icudt64l/region/zgh.res" 1821
"../../../Engine/Content/Internationalization/icudt64l/lang/zh.res" 1822
"../../../Engine/Content/Internationalization/icudt64l/lang/zh_Hans.res" 1823
"../../../Engine/Content/Internationalization/icudt64l/lang/zh_CN.res" 1824
"../../../Engine/Content/Internationalization/icudt64l/lang/zh_Hans_CN.res" 1825
"../../../Engine/Content/Internationalization/icudt64l/region/zh_CN.res" 1826
"../../../Engine/Content/Internationalization/icudt64l/region/zh_Hans_CN.res" 1827
"../../../Engine/Content/Internationalization/icudt64l/region/zh_Hans.res" 1828
"../../../Engine/Content/Internationalization/icudt64l/region/zh.res" 1829
"../../../Engine/Content/Internationalization/icudt64l/lang/zh_HK.res" 1830
"../../../Engine/Content/Internationalization/icudt64l/lang/zh_Hant_HK.res" 1831
"../../../Engine/Content/Internationalization/icudt64l/lang/zh_Hant.res" 1832
"../../../Engine/Content/Internationalization/icudt64l/region/zh_HK.res" 1833
"../../../Engine/Content/Internationalization/icudt64l/region/zh_Hant_HK.res" 1834
"../../../Engine/Content/Internationalization/icudt64l/region/zh_Hant.res" 1835
"../../../Engine/Content/Internationalization/icudt64l/lang/zh_MO.res" 1836
"../../../Engine/Content/Internationalization/icudt64l/lang/zh_Hant_MO.res" 1837
"../../../Engine/Content/Internationalization/icudt64l/region/zh_MO.res" 1838
"../../../Engine/Content/Internationalization/icudt64l/region/zh_Hant_MO.res" 1839
"../../../Engine/Content/Internationalization/icudt64l/lang/zh_SG.res" 1840
"../../../Engine/Content/Internationalization/icudt64l/lang/zh_Hans_SG.res" 1841
"../../../Engine/Content/Internationalization/icudt64l/region/zh_SG.res" 1842
"../../../Engine/Content/Internationalization/icudt64l/region/zh_Hans_SG.res" 1843
"../../../Engine/Content/Internationalization/icudt64l/lang/zh_TW.res" 1844
"../../../Engine/Content/Internationalization/icudt64l/lang/zh_Hant_TW.res" 1845
"../../../Engine/Content/Internationalization/icudt64l/region/zh_TW.res" 1846
"../../../Engine/Content/Internationalization/icudt64l/region/zh_Hant_TW.res" 1847
"../../../Engine/Content/Internationalization/icudt64l/lang/zu.res" 1848
"../../../Engine/Content/Internationalization/icudt64l/region/zu.res" 1849
"../../../Engine/Content/Internationalization/icudt64l/lang/no.res" 1850
"../../../Engine/Content/Internationalization/icudt64l/lang/tl.res" 1851
"../../../Engine/Config/Android/DataDrivenPlatformInfo.ini" 1852
"../../../Engine/Config/IOS/DataDrivenPlatformInfo.ini" 1853
"../../../Engine/Config/Linux/DataDrivenPlatformInfo.ini" 1854
"../../../Engine/Config/LinuxArm64/DataDrivenPlatformInfo.ini" 1855
"../../../Engine/Config/Mac/DataDrivenPlatformInfo.ini" 1856
"../../../Engine/Config/TVOS/DataDrivenPlatformInfo.ini" 1857
"../../../Engine/Config/Unix/DataDrivenPlatformInfo.ini" 1858
"../../../Engine/Config/VulkanPC/DataDrivenPlatformInfo.ini" 1859
"../../../Engine/Config/Windows/DataDrivenPlatformInfo.ini" 1860
"../../../Engine/Platforms/VisionOS/Config/DataDrivenPlatformInfo.ini" 1861
"../../../Engine/Content/Renderer/TessellationTable.bin" 1862
"../../../Engine/DerivedDataCache/Compressed.ddp" 1863
"C:/Users/kalde/AppData/Local/UnrealEngine/5.5/Saved/Zen/zen.version" 1864
"C:/Users/kalde/AppData/Local/UnrealEngine/Common/Zen/Install/zen.version" 1865
"C:/Users/kalde/AppData/Local/UnrealEngine/Common/Zen/Install/zenserver.runcontext" 1866
"C:/Users/kalde/AppData/Local/UnrealEngine/Common/DerivedDataCache/TestData/0/TestData_4kb.dat" 1867
"C:/Users/kalde/AppData/Local/UnrealEngine/Common/DerivedDataCache/TestData/1/TestData_4kb.dat" 1868
"C:/Users/kalde/AppData/Local/UnrealEngine/Common/DerivedDataCache/TestData/0/TestData_8kb.dat" 1869
"C:/Users/kalde/AppData/Local/UnrealEngine/Common/DerivedDataCache/TestData/1/TestData_8kb.dat" 1870
"C:/Users/kalde/AppData/Local/UnrealEngine/Common/DerivedDataCache/TestData/0/TestData_16kb.dat" 1871
"C:/Users/kalde/AppData/Local/UnrealEngine/Common/DerivedDataCache/TestData/1/TestData_16kb.dat" 1872
"C:/Users/kalde/AppData/Local/UnrealEngine/Common/DerivedDataCache/TestData/0/TestData_64kb.dat" 1873
"C:/Users/kalde/AppData/Local/UnrealEngine/Common/DerivedDataCache/TestData/1/TestData_64kb.dat" 1874
"C:/Users/kalde/AppData/Local/UnrealEngine/Common/DerivedDataCache/TestData/0/TestData_128kb.dat" 1875
"C:/Users/kalde/AppData/Local/UnrealEngine/Common/DerivedDataCache/TestData/1/TestData_128kb.dat" 1876
"C:/Users/kalde/AppData/Local/UnrealEngine/Common/DerivedDataCache/TestData/0/TestData_256kb.dat" 1877
"C:/Users/kalde/AppData/Local/UnrealEngine/Common/DerivedDataCache/TestData/1/TestData_256kb.dat" 1878
"../../../../../OneDrive - La Horde/B2/Quetes/Q7_Portal/Q7_Portal/Q7_Poral/Intermediate/ShaderAutogen/PCD3D_SM6/AutogenShaderHeaders.ush" 1879
"../../../Engine/Shaders/Private/HairStrands/HairStrandsVertexFactory.ush" 1880
"../../../Engine/Shaders/Private/VertexFactoryCommon.ush" 1881
"../../../Engine/Shaders/Private/Common.ush" 1882
"../../../Engine/Shaders/Public/Platform.ush" 1883
"../../../Engine/Shaders/Public/FP16Math.ush" 1884
"../../../Engine/Shaders/Public/Platform/D3D/D3DCommon.ush" 1885
"../../../Engine/Shaders/Shared/HLSLReservedSpaces.h" 1886
"../../../Engine/Shaders/Shared/RayTracingBuiltInResources.h" 1887
"../../../Engine/Shaders/Shared/RayTracingDefinitions.h" 1888
"../../../Engine/Shaders/Public/BindlessResources.ush" 1889
"../../../Engine/Shaders/Public/OverloadMacros.ush" 1890
"../../../Engine/Shaders/Public/ShaderVersion.ush" 1891
"../../../Engine/Shaders/Private/PackUnpack.ush" 1892
"../../../Engine/Shaders/Private/GeneratedUniformBufferTypes.ush" 1893
"../../../Engine/Shaders/Private/Nanite/NanitePackedNaniteView.ush" 1894
"../../../Engine/Shaders/Private/HairStrands/HairStrandsVisibilityCommonStruct.ush" 1895
"../../../Engine/Shaders/Private/HairStrands/HairStrandsVoxelPageCommonStruct.ush" 1896
"../../../Engine/Shaders/Private/HairStrands/HairStrandsDeepShadowCommonStruct.ush" 1897
"../../../Engine/Shaders/Shared/LightSceneData.h" 1898
"../../../Engine/Shaders/Shared/HLSLTypeAliases.h" 1899
"../../../Engine/Shaders/Private/LargeWorldCoordinates.ush" 1900
"../../../Engine/Shaders/Private/DoubleFloat.ush" 1901
"../../../Engine/Shaders/Private/RandomPCG.ush" 1902
"../../../Engine/Shaders/Private/DoubleFloatOperations.ush" 1903
"../../../Engine/Shaders/Private/DoubleFloatVectorDefinition.ush" 1904
"../../../Engine/Shaders/Private/LWCOperations.ush" 1905
"../../../Engine/Shaders/Shared/RayTracingTypes.h" 1906
"../../../Engine/Shaders/Shared/HLSLStaticAssert.h" 1907
"../../../Engine/Shaders/Private/CommonViewUniformBuffer.ush" 1908
"../../../Engine/Shaders/Private/InstancedStereo.ush" 1909
"../../../Engine/Shaders/Private/Definitions.usf" 1910
"../../../Engine/Shaders/Private/AssertionMacros.ush" 1911
"../../../Engine/Shaders/Private/FastMath.ush" 1912
"../../../Engine/Shaders/Private/FastMathThirdParty.ush" 1913
"../../../Engine/Shaders/Private/Random.ush" 1914
"../../../Engine/Shaders/Private/RandomInterleavedGradientNoise.ush" 1915
"../../../Engine/Shaders/Private/SceneData.ush" 1916
"../../../Engine/Shaders/Private/OctahedralCommon.ush" 1917
"../../../Engine/Shaders/Private/WaveOpUtil.ush" 1918
"../../../Engine/Shaders/Shared/SceneDefinitions.h" 1919
"../../../Engine/Shaders/Private/SceneDataMobileLoader.ush" 1920
"../../../Engine/Shaders/Private/LocalVertexFactoryCommon.ush" 1921
"../../../Engine/Shaders/Private/HairStrands/HairStrandsVisibilityCommon.ush" 1922
"../../../Engine/Shaders/Shared/HairStrandsDefinitions.h" 1923
"../../../Engine/Shaders/Private/HairStrands/HairStrandsVertexFactoryCommon.ush" 1924
"../../../Engine/Shaders/Private/HairStrands/HairStrandsPack.ush" 1925
"../../../Engine/Shaders/Private/HairStrands/HairStrandsAttributeCommon.ush" 1926
"../../../Engine/Shaders/Private/HairStrands/HairStrandsAttributeTemplate.ush" 1927
"../../../Engine/Shaders/Private/VertexFactoryDefaultInterface.ush" 1928
"../../../Engine/Shaders/Private/HairStrands/HairCardsVertexFactory.ush" 1929
"../../../Engine/Shaders/Private/HairStrands/HairCardsAttributeCommon.ush" 1930
"../../../Engine/Shaders/Private/RayTracing/RayTracingCommon.ush" 1931
"../../../Engine/Shaders/Private/ShadingCommon.ush" 1932
"../../../Engine/Shaders/Shared/RayTracingPayloadType.h" 1933
"../../../Engine/Shaders/Private/RayTracing/RayTracingRayCone.ush" 1934
"../../../Engine/Shaders/Private/Substrate/Substrate.ush" 1935
"../../../Engine/Shaders/Private/ShadingEnergyConservation.ush" 1936
"../../../Engine/Shaders/Private/ShadingEnergyConservationTemplate.ush" 1937
"../../../Engine/Shaders/Private/BRDF.ush" 1938
"../../../Engine/Shaders/Private/ColorSpace.ush" 1939
"../../../Engine/Shaders/Private/DeferredShadingCommon.ush" 1940
"../../../Engine/Shaders/Private/LightAccumulator.ush" 1941
"../../../Engine/Shaders/Private/SceneTexturesCommon.ush" 1942
"../../../Engine/Shaders/Private/MonteCarlo.ush" 1943
"../../../Engine/Shaders/Private/GBufferHelpers.ush" 1944
"../../../Engine/Shaders/Private/SceneTextureParameters.ush" 1945
"D:/OneDrive - La Horde/B2/Quetes/Q7_Portal/Q7_Portal/Q7_Poral/Intermediate/ShaderAutogen/PCD3D_SM6/AutogenShaderHeaders.ush" 1946
"../../../Engine/Shaders/Private/ParticipatingMediaCommon.ush" 1947
"../../../Engine/Shaders/Private/ThinFilmBSDF.ush" 1948
"../../../Engine/Shaders/Private/MortonCode.ush" 1949
"../../../Engine/Shaders/Private/SubsurfaceProfileCommon.ush" 1950
"../../../Engine/Shaders/Private/BurleyNormalizedSSSCommon.ush" 1951
"../../../Engine/Shaders/Private/GammaCorrectionCommon.ush" 1952
"../../../Engine/Shaders/Shared/SubstrateDefinitions.h" 1953
"../../../Engine/Shaders/Private/Substrate/SubstrateStatisticalOperators.ush" 1954
"../../../Engine/Shaders/Private/Substrate/SubstrateSubsurface.ush" 1955
"../../../Engine/Shaders/Private/TransmissionCommon.ush" 1956
"../../../Engine/Shaders/Private/SpecularProfileCommon.ush" 1957
"../../../Engine/Shaders/Private/RayTracing/RayTracingCommonMetal.ush" 1958
"../../../Engine/Shaders/Private/PositionReconstructionCommon.ush" 1959
"../../../Engine/Shaders/Private/RayTracing/TraceRayInline.ush" 1960
"../../../Engine/Shaders/Private/RayTracing/TraceRayInlineCommon.ush" 1961
"../../../Engine/Shaders/Private/RayTracing/TraceRayInlineVulkan.ush" 1962
"../../../Engine/Shaders/Private/RayTracing/TraceRayInlineMetal.ush" 1963
"../../../Engine/Shaders/Private/RayTracing/RayTracingHitGroupCommon.ush" 1964
"../../../Engine/Shaders/Private/Nanite/NaniteDataDecode.ush" 1965
"../../../Engine/Shaders/Private/BitPacking.ush" 1966
"../../../Engine/Shaders/Private/BitStreamReaderImplementation.ush" 1967
"../../../Engine/Shaders/Private/BoneTransform.ush" 1968
"../../../Engine/Shaders/Private/Quaternion.ush" 1969
"../../../Engine/Shaders/Shared/NaniteDefinitions.h" 1970
"../../../Engine/Shaders/Private/Nanite/NaniteAttributeDecode.ush" 1971
"../../../Engine/Shaders/Private/Barycentrics.ush" 1972
"../../../Engine/Shaders/Private/DualNumber.ush" 1973
"../../../Engine/Plugins/FX/Niagara/Shaders/Private/NiagaraSpriteVertexFactory.ush" 1974
"../../../Engine/Shaders/Private/ParticleVertexFactoryCommon.ush" 1975
"../../../Engine/Plugins/FX/Niagara/Shaders/Private/NiagaraVFCommon.usf" 1976
"../../../Engine/Plugins/FX/Niagara/Shaders/Private/NiagaraVFParticleAccess.usf" 1977
"../../../Engine/Plugins/FX/Niagara/Shaders/Private/NiagaraParticleAccess.ush" 1978
"../../../Engine/Plugins/FX/Niagara/Shaders/Private/NiagaraRibbonVertexFactory.ush" 1979
"../../../Engine/Plugins/FX/Niagara/Shaders/Private/NiagaraMeshVertexFactory.ush" 1980
"../../../Engine/Plugins/FX/Niagara/Shaders/Private/NiagaraCommon.ush" 1981
"../../../Engine/Plugins/FX/Niagara/Shaders/Private/NiagaraMeshParticleUtils.ush" 1982
"../../../Engine/Shaders/Private/VectorFieldVisualizationVertexFactory.ush" 1983
"../../../Engine/Shaders/Private/Nanite/NaniteVertexFactory.ush" 1984
"../../../Engine/Shaders/Private/LightmapData.ush" 1985
"../../../Engine/Shaders/Private/SplineMeshCommon.ush" 1986
"../../../Engine/Shaders/Shared/SplineMeshShaderParams.h" 1987
"../../../Engine/Shaders/Private/ShaderPrint.ush" 1988
"../../../Engine/Shaders/Private/ShaderPrintCommon.ush" 1989
"../../../Engine/Shaders/Private/MiniFontCommon.ush" 1990
"../../../Engine/Shaders/Private/Nanite/NaniteSceneCommon.ush" 1991
"../../../Engine/Shaders/Private/Nanite/NaniteVertexDeformation.ush" 1992
"../../../Engine/Shaders/Private/ParticleSpriteVertexFactory.ush" 1993
"../../../Engine/Shaders/Private/ParticleGPUSpriteVertexFactory.ush" 1994
"../../../Engine/Shaders/Private/ParticleSimulationCommon.ush" 1995
"../../../Engine/Shaders/Private/ParticleBeamTrailVertexFactory.ush" 1996
"../../../Engine/Shaders/Private/MeshParticleVertexFactory.ush" 1997
"../../../Engine/Shaders/Private/LocalVertexFactory.ush" 1998
"../../../Engine/Shaders/Private/GpuSkinCommon.ush" 1999
"../../../Engine/Shaders/Private/GpuSkinVertexFactory.ush" 2000
"../../../Engine/Shaders/Private/GeometryCollectionVertexFactory.ush" 2001
"../../../Engine/Shaders/Private/GeometryCacheVertexFactory.ush" 2002
"../../../Engine/Shaders/Private/LandscapeVertexFactory.ush" 2003
"../../../Engine/Plugins/Experimental/Compositing/HoldoutComposite/Shaders/Private/HoldoutCompositeFinal.usf" 2004
"../../../Engine/Shaders/Private/ScreenPass.ush" 2005
"../../../Engine/Shaders/Private/LensDistortion.ush" 2006
"../../../Engine/Plugins/Experimental/Compositing/HoldoutComposite/Shaders/Private/HoldoutCompositeSSRInput.usf" 2007
"../../../Engine/Plugins/Experimental/Compositing/HoldoutComposite/Shaders/Private/HoldoutCompositeDilate.usf" 2008
"../../../Engine/Plugins/Experimental/NFORDenoise/Shaders/NFORDenoise.usf" 2009
"../../../Engine/Plugins/Experimental/NFORDenoise/Shaders/NFORRegressionCommon.ush" 2010
"../../../Engine/Plugins/Experimental/NFORDenoise/Shaders/NFORRegression.ush" 2011
"../../../Engine/Plugins/Runtime/HairStrands/Shaders/Private/NiagaraCopyVelocityGrid.usf" 2012
"../../../Engine/Plugins/Runtime/HairStrands/Shaders/Private/NiagaraClearVelocityGrid.usf" 2013
"../../../Engine/Plugins/Runtime/HairStrands/Shaders/Private/NiagaraClearPressureGrid.usf" 2014
"../../../Engine/Plugins/Runtime/HairStrands/Shaders/Private/NiagaraInterpolateGroomGuides.usf" 2015
"../../../Engine/Plugins/Runtime/HairStrands/Shaders/Private/NiagaraGroomInterpolationUtils.ush" 2016
"../../../Engine/Plugins/FX/Niagara/Shaders/Private/NiagaraQuaternionUtils.ush" 2017
"../../../Engine/Shaders/Private/HairStrands/HairStrandsMesh.usf" 2018
"../../../Engine/Shaders/Private/HairStrands/HairStrandsBindingCommon.ush" 2019
"../../../Engine/Shaders/Private/HairStrands/HairStrandsFollicleMask.usf" 2020
"../../../Engine/Shaders/Private/HairStrands/HairStrandsSkinUpdate.usf" 2021
"../../../Engine/Shaders/Private/HairStrands/HairStrandsClusterCulling.usf" 2022
"../../../Engine/Shaders/Private/ColorMap.ush" 2023
"../../../Engine/Shaders/Private/HairStrands/HairStrandsAABBCommon.ush" 2024
"../../../Engine/Shaders/Private/HairStrands/HairStrandsClusterCommon.ush" 2025
"../../../Engine/Shaders/Private/ThreadGroupPrefixSum.ush" 2026
"../../../Engine/Shaders/Private/HairStrands/HairStrandsRaytracingGeometry.usf" 2027
"../../../Engine/Shaders/Private/HairStrands/HairStrandsTangent.usf" 2028
"../../../Engine/Shaders/Private/HairStrands/HairCardsDeformation.usf" 2029
"../../../Engine/Shaders/Private/HairStrands/HairStrandsInterpolation.usf" 2030
"../../../Engine/Shaders/Private/HairStrands/HairStrandsGuideDeform.usf" 2031
"../../../Engine/Shaders/Private/HairStrands/HairStrandsTexturesGeneration.usf" 2032
"../../../Engine/Shaders/Private/HairStrands/HairCardsTextureCommon.ush" 2033
"../../../Engine/Shaders/Private/HairStrands/HairStrandsTranscode.usf" 2034
"../../../Engine/Shaders/Private/HairStrands/HairStrandsDebug.usf" 2035
"../../../Engine/Shaders/Private/HairShadingCommon.ush" 2036
"../../../Engine/Shaders/Private/PostProcessCommon.ush" 2037
"../../../Engine/Shaders/Private/Matrices.ush" 2038
"../../../Engine/Shaders/Private/ShadingModels.ush" 2039
"../../../Engine/Shaders/Private/CapsuleLight.ush" 2040
"../../../Engine/Shaders/Private/RectLight.ush" 2041
"../../../Engine/Shaders/Private/LightData.ush" 2042
"../../../Engine/Shaders/Shared/LightDefinitions.h" 2043
"../../../Engine/Shaders/Private/AreaLightCommon.ush" 2044
"../../../Engine/Shaders/Private/HairBsdf.ush" 2045
"../../../Engine/Shaders/Private/MobileGGX.ush" 2046
"../../../Engine/Shaders/Private/HairStrands/HairStrandsCommon.ush" 2047
"../../../Engine/Shaders/Private/HairStrands/HairStrandsEnvironmentLightingCommon.ush" 2048
"../../../Engine/Shaders/Private/HairStrands/HairStrandsDeepTransmittanceCommon.ush" 2049
"../../../Engine/Shaders/Private/HairStrands/HairStrandsDeepTransmittanceDualScattering.ush" 2050
"../../../Engine/Shaders/Private/HairStrands/HairStrandsDeepShadowCommon.ush" 2051
"../../../Engine/Shaders/Private/HairStrands/HairStrandsDebugCommonStruct.ush" 2052
"../../../Engine/Plugins/FX/Niagara/Shaders/Private/Stateless/NiagaraStatelessSimulationExample1.usf" 2053
"../../../Engine/Plugins/FX/Niagara/Shaders/Private/Stateless/NiagaraStatelessSimulationTemplate.ush" 2054
"../../../Engine/Plugins/FX/Niagara/Shaders/Private/Stateless/NiagaraStatelessCommon.ush" 2055
"../../../Engine/Plugins/FX/Niagara/Shaders/Shared/NiagaraStatelessDefinitions.h" 2056
"../../../Engine/Plugins/FX/Niagara/Shaders/Shared/NiagaraStatelessBuiltDistribution.h" 2057
"../../../Engine/Plugins/FX/Niagara/Shaders/Private/Stateless/NiagaraStatelessDistribution.ush" 2058
"../../../Engine/Shaders/Private/ComputeShaderUtils.ush" 2059
"../../../Engine/Plugins/FX/Niagara/Shaders/Private/Stateless/Modules/NiagaraStatelessModule_CalculateAccurateVelocity.ush" 2060
"../../../Engine/Plugins/FX/Niagara/Shaders/Private/Stateless/Modules/NiagaraStatelessModule_CameraOffset.ush" 2061
"../../../Engine/Plugins/FX/Niagara/Shaders/Private/Stateless/Modules/NiagaraStatelessModule_DynamicMaterialParameters.ush" 2062
"../../../Engine/Plugins/FX/Niagara/Shaders/Private/Stateless/Modules/NiagaraStatelessModule_InitializeParticle.ush" 2063
"../../../Engine/Plugins/FX/Niagara/Shaders/Private/Stateless/Modules/NiagaraStatelessModule_InitialMeshOrientation.ush" 2064
"../../../Engine/Plugins/FX/Niagara/Shaders/Private/Stateless/Modules/NiagaraStatelessModule_MeshIndex.ush" 2065
"../../../Engine/Plugins/FX/Niagara/Shaders/Private/Stateless/Modules/NiagaraStatelessModule_MeshRotationRate.ush" 2066
"../../../Engine/Plugins/FX/Niagara/Shaders/Private/Stateless/Modules/NiagaraStatelessModule_RotateAroundPoint.ush" 2067
"../../../Engine/Plugins/FX/Niagara/Shaders/Private/Stateless/Modules/NiagaraStatelessModule_ShapeLocation.ush" 2068
"../../../Engine/Plugins/FX/Niagara/Shaders/Private/Stateless/Modules/NiagaraStatelessModule_ScaleColor.ush" 2069
"../../../Engine/Plugins/FX/Niagara/Shaders/Private/Stateless/Modules/NiagaraStatelessModule_ScaleSpriteSize.ush" 2070
"../../../Engine/Plugins/FX/Niagara/Shaders/Private/Stateless/Modules/NiagaraStatelessModule_ScaleSpriteSizeBySpeed.ush" 2071
"../../../Engine/Plugins/FX/Niagara/Shaders/Private/Stateless/Modules/NiagaraStatelessModule_ScaleMeshSize.ush" 2072
"../../../Engine/Plugins/FX/Niagara/Shaders/Private/Stateless/Modules/NiagaraStatelessModule_ScaleMeshSizebySpeed.ush" 2073
"../../../Engine/Plugins/FX/Niagara/Shaders/Private/Stateless/Modules/NiagaraStatelessModule_SolveVelocitiesAndForces.ush" 2074
"../../../Engine/Plugins/FX/Niagara/Shaders/Private/Stateless/Modules/NiagaraStatelessModule_SpriteFacingAndAlignment.ush" 2075
"../../../Engine/Plugins/FX/Niagara/Shaders/Private/Stateless/Modules/NiagaraStatelessModule_SpriteRotationRate.ush" 2076
"../../../Engine/Plugins/FX/Niagara/Shaders/Private/Stateless/Modules/NiagaraStatelessModule_SubUVAnimation.ush" 2077
"../../../Engine/Plugins/FX/Niagara/Shaders/Private/Stateless/NiagaraStatelessSimulationDefault.usf" 2078
"../../../Engine/Plugins/FX/Niagara/Shaders/Private/NiagaraSVTToDenseBuffer.usf" 2079
"../../../Engine/Shaders/Private/SparseVolumeTexture/SparseVolumeTextureCommon.ush" 2080
"../../../Engine/Plugins/FX/Niagara/Shaders/Private/NiagaraFillIntBuffer.usf" 2081
"../../../Engine/Plugins/FX/Niagara/Shaders/Private/NiagaraComputeFreeIDs.usf" 2082
"../../../Engine/Plugins/FX/Niagara/Shaders/Private/NiagaraInitFreeIDBuffer.usf" 2083
"../../../Engine/Plugins/FX/Niagara/Shaders/Private/NiagaraEmitterInstanceShader.usf" 2084
"../../../Engine/Plugins/FX/Niagara/Shaders/Private/NiagaraShaderVersion.ush" 2085
"../../../Engine/Shaders/Private/DistanceField/GlobalDistanceFieldShared.ush" 2086
"../../../Engine/Plugins/FX/Niagara/Shaders/Private/NiagaraPhysicsCommon.ush" 2087
"../../../Engine/Plugins/FX/Niagara/Shaders/Private/Ribbons/NiagaraRibbonGenerateIndices.usf" 2088
"../../../Engine/Plugins/FX/Niagara/Shaders/Private/Ribbons/NiagaraRibbonCommon.ush" 2089
"../../../Engine/Plugins/FX/Niagara/Shaders/Private/Ribbons/NiagaraRibbonInitializeIndices.usf" 2090
"../../../Engine/Plugins/FX/Niagara/Shaders/Private/Ribbons/NiagaraRibbonRibbonUVParamCalculation.usf" 2091
"../../../Engine/Plugins/FX/Niagara/Shaders/Private/Ribbons/NiagaraRibbonVertexReductionFinalization.usf" 2092
"../../../Engine/Plugins/FX/Niagara/Shaders/Private/Ribbons/NiagaraRibbonVertexReductionPropagation.usf" 2093
"../../../Engine/Plugins/FX/Niagara/Shaders/Private/Ribbons/NiagaraRibbonVertexReductionInitialization.usf" 2094
"../../../Engine/Plugins/FX/Niagara/Shaders/Private/Ribbons/NiagaraRibbonSortParticles.usf" 2095
"../../../Engine/Plugins/FX/Niagara/Shaders/Private/NiagaraUpdateMeshGPUSceneInstances.usf" 2096
"../../../Engine/Shaders/Private/GPUScene/GPUSceneWriter.ush" 2097
"../../../Engine/Plugins/FX/Niagara/Shaders/Private/NiagaraGenerateMips.usf" 2098
"../../../Engine/Plugins/FX/Niagara/Shaders/Private/NiagaraDebugDraw.usf" 2099
"../../../Engine/Plugins/FX/Niagara/Shaders/Private/NiagaraDebugDraw.ush" 2100
"../../../Engine/Plugins/FX/Niagara/Shaders/Private/NiagaraVisualizeTexture.usf" 2101
"../../../Engine/Plugins/FX/Niagara/Shaders/Private/NiagaraClearCounts.usf" 2102
"../../../Engine/Plugins/FX/Niagara/Shaders/Private/NiagaraBatchedElements.usf" 2103
"../../../Engine/Plugins/FX/Niagara/Shaders/Private/NiagaraRayTracingShaders.usf" 2104
"../../../Engine/Plugins/FX/Niagara/Shaders/Private/NiagaraAsyncGpuTraceCommon.ush" 2105
"../../../Engine/Shaders/Private/HashTable.ush" 2106
"../../../Engine/Shaders/Private/Hash.ush" 2107
"../../../Engine/Shaders/Private/RayTracing/VFXTraceRay.ush" 2108
"../../../Engine/Plugins/FX/Niagara/Shaders/Private/NiagaraRayMarchingShaders.usf" 2109
"../../../Engine/Plugins/FX/Niagara/Shaders/Private/NiagaraRayTraceCollisionGroupShaders.usf" 2110
"../../../Engine/Plugins/FX/Niagara/Shaders/Private/NiagaraAsyncGpuTraceUtils.usf" 2111
"../../../Engine/Plugins/FX/Niagara/Shaders/Private/NiagaraSortKeyGen.usf" 2112
"../../../Engine/Plugins/FX/Niagara/Shaders/Private/NiagaraGPURayTracingTransforms.usf" 2113
"../../../Engine/Plugins/FX/Niagara/Shaders/Private/NiagaraDrawIndirectArgsGen.usf" 2114
"../../../Engine/Plugins/FX/Niagara/Shaders/Private/NiagaraDispatchIndirectArgsGen.usf" 2115
"../../../Engine/Plugins/Runtime/ComputeFramework/Shaders/Private/ComputeKernel.usf" 2116
"../../../Engine/Plugins/Runtime/ComputeFramework/Shaders/Private/ComputeKernelCommon.ush" 2117
"../../../Engine/Plugins/NNE/NNEDenoiser/Shaders/NNEDenoiserShadersTransferFunctionOidn.usf" 2118
"../../../Engine/Plugins/NNE/NNEDenoiser/Shaders/NNEDenoiserShadersMappedCopy.usf" 2119
"../../../Engine/Plugins/NNE/NNEDenoiser/Shaders/NNEDenoiserShadersDefaultIOProcess.usf" 2120
"../../../Engine/Plugins/NNE/NNEDenoiser/Shaders/NNEDenoiserShadersAutoExposureReduceFinal.usf" 2121
"../../../Engine/Plugins/NNE/NNEDenoiser/Shaders/NNEDenoiserShadersAutoExposureReduce.usf" 2122
"../../../Engine/Plugins/NNE/NNEDenoiser/Shaders/NNEDenoiserShadersAutoExposureDownsample.usf" 2123
"../../../Engine/Plugins/Media/WmfMedia/Shaders/Private/MediaHardwareVideoDecoding.usf" 2124
"../../../Engine/Shaders/Private/ColorUtils.ush" 2125
"../../../Engine/Plugins/Media/ImgMedia/Shaders/Private/ExrSwizzler.usf" 2126
"../../../Engine/Plugins/Enterprise/GLTFExporter/Shaders/Private/SimpleTexture2DPS.usf" 2127
"../../../Engine/Shaders/Private/SimpleElementNormalMapPixelShader.usf" 2128
"../../../Engine/Shaders/Private/VirtualTextureAdapter.usf" 2129
"../../../Engine/Shaders/Private/BlockCompressionCommon.ush" 2130
"../../../Engine/Shaders/Private/BCCompressionCommon.ush" 2131
"../../../Engine/Shaders/Private/TranslucentLightingShaders.usf" 2132
"../../../Engine/Shaders/Private/SHCommon.ush" 2133
"../../../Engine/Shaders/Private/ShadowProjectionCommon.ush" 2134
"../../../Engine/Shaders/Private/CubemapCommon.ush" 2135
"../../../Engine/Shaders/Private/VectorFieldCompositeShaders.usf" 2136
"../../../Engine/Shaders/Private/UpdateTextureShaders.usf" 2137
"../../../Engine/Shaders/Private/StereoLayerShader.usf" 2138
"../../../Engine/Shaders/Private/SparseVolumeTexture/UpdateSparseVolumeTexture.usf" 2139
"../../../Engine/Shaders/Private/MorphTargets.usf" 2140
"../../../Engine/Shaders/Private/SimpleElementColorChannelMaskPixelShader.usf" 2141
"../../../Engine/Shaders/Private/SimpleElementHitProxyPixelShader.usf" 2142
"../../../Engine/Shaders/Private/SimpleElementPixelShader.usf" 2143
"../../../Engine/Shaders/Private/IESLightProfilesCommon.ush" 2144
"../../../Engine/Shaders/Private/SimpleElementVertexShader.usf" 2145
"../../../Engine/Shaders/Private/ScreenPixelShaderOES.usf" 2146
"../../../Engine/Shaders/Private/ScreenVertexShader.usf" 2147
"../../../Engine/Shaders/Private/ScreenPixelShader.usf" 2148
"../../../Engine/Shaders/Private/SSProfilePreIntegratedMobile.usf" 2149
"../../../Engine/Shaders/Private/SpecularProfile.usf" 2150
"../../../Engine/Shaders/Private/Nanite/NaniteStreaming.usf" 2151
"../../../Engine/Shaders/Private/Nanite/NaniteStreaming.ush" 2152
"../../../Engine/Shaders/Private/Nanite/NaniteTranscode.usf" 2153
"../../../Engine/Shaders/Private/VolumetricLightmapStreaming.usf" 2154
"../../../Engine/Shaders/Private/PhysicsFieldReset.usf" 2155
"../../../Engine/Shaders/Private/PhysicsFieldBuilder.usf" 2156
"../../../Engine/Shaders/Private/PhysicsFieldEval.ush" 2157
"../../../Engine/Shaders/Private/ParticleSortKeyGen.usf" 2158
"../../../Engine/Shaders/Private/ParticleBoundsShader.usf" 2159
"../../../Engine/Shaders/Private/ParticleSimVisualizeShader.usf" 2160
"../../../Engine/Shaders/Private/ParticleInjectionShader.usf" 2161
"../../../Engine/Shaders/Private/ParticleSimulationShader.usf" 2162
"../../../Engine/Shaders/Private/ParticleCurveInjectionShader.usf" 2163
"../../../Engine/Shaders/Private/CopyUIntBuffer.usf" 2164
"../../../Engine/Shaders/Private/RadixSortShaders.usf" 2165
"../../../Engine/Shaders/Private/RecomputeTangentsPerVertexPass.usf" 2166
"../../../Engine/Shaders/Private/RecomputeTangentsCommon.ush" 2167
"../../../Engine/Shaders/Private/RecomputeTangentsPerTrianglePass.usf" 2168
"../../../Engine/Shaders/Private/GpuSkinCacheComputeShader.usf" 2169
"../../../Engine/Shaders/Private/HeightFieldAtlasManagement.usf" 2170
"../../../Engine/Shaders/Private/LandscapePhysicalMaterial.usf" 2171
"../../../Engine/Shaders/Private/MaterialTemplate.ush" 2172
"../../../Engine/Shaders/Private/WorldSpaceMath.ush" 2173
"../../../Engine/Shaders/Private/EyeAdaptationCommon.ush" 2174
"../../../Engine/Shaders/Private/SobolRandom.ush" 2175
"../../../Engine/Shaders/Private/DepthOfFieldCommon.ush" 2176
"../../../Engine/Shaders/Private/CircleDOFCommon.ush" 2177
"../../../Engine/Shaders/Private/PhysicsFieldSampler.ush" 2178
"../../../Engine/Shaders/Private/PhysicsFieldShared.ush" 2179
"../../../Engine/Shaders/Shared/EnvironmentComponentsFlags.h" 2180
"../../../Engine/Shaders/Private/MeshPaintTextureCommon.ush" 2181
"../../../Engine/Shaders/Private/SpeedTreeCommon.ush" 2182
"../../../Engine/Shaders/Private/VirtualTextureCommon.ush" 2183
"../../../Engine/Shaders/Private/MaterialTexture.ush" 2184
"../../../Engine/Shaders/Private/MinMaterialTexCoords.ush" 2185
"../../../Engine/Shaders/Private/SkyAtmosphereCommon.ush" 2186
"../../../Engine/Shaders/Private/SingleLayerWaterCommon.ush" 2187
"../../../Engine/Shaders/Private/TextureSampling.ush" 2188
"../../../Engine/Shaders/Private/PaniniProjection.ush" 2189
"../../../Engine/Shaders/Private/DBufferNormalReprojection.ush" 2190
"../../../Engine/Shaders/Public/SubstratePublic.ush" 2191
"../../../Engine/Shaders/Private/Substrate/SubstrateTree.ush" 2192
"../../../Engine/Shaders/Private/Substrate/SubstrateEvaluation.ush" 2193
"../../../Engine/Shaders/Private/Substrate/Glint/GlintThirdParty.ush" 2194
"../../../Engine/Shaders/Private/BlueNoise.ush" 2195
"../../../Engine/Shaders/Private/ShadingModelsSampling.ush" 2196
"../../../Engine/Shaders/Private/HairStrands/HairBsdfSample.ush" 2197
"../../../Engine/Shaders/Private/Substrate/SubstrateLegacyConversion.ush" 2198
"../../../Engine/Shaders/Private/DBufferDecalShared.ush" 2199
"../../../Engine/Shaders/Private/LandscapeGrassWeight.usf" 2200
"../../../Engine/Shaders/Private/Landscape/LandscapeEditLayersUtils.usf" 2201
"../../../Engine/Shaders/Private/Landscape/LandscapeCommon.ush" 2202
"../../../Engine/Shaders/Private/Landscape/LandscapeEditLayersWeightmaps.usf" 2203
"../../../Engine/Shaders/Private/Landscape/LandscapeEditLayersHeightmaps.usf" 2204
"../../../Engine/Shaders/Private/Landscape/LandscapeLayersWeightmapsPS.usf" 2205
"../../../Engine/Shaders/Private/Landscape/LandscapeLayersHeightmapsPS.usf" 2206
"../../../Engine/Shaders/Private/LandscapeLayersCS.usf" 2207
"../../../Engine/Shaders/Private/LandscapeLayersPS.usf" 2208
"../../../Engine/Shaders/Private/LandscapeLayersVS.usf" 2209
"../../../Engine/Shaders/Private/Landscape/LandscapeCulling.usf" 2210
"../../../Engine/Shaders/Private/Nanite/NaniteHZBCull.ush" 2211
"../../../Engine/Shaders/Private/Landscape/LandscapeMergeTexturesPS.usf" 2212
"../../../Engine/Shaders/Private/WideCustomResolveShaders.usf" 2213
"../../../Engine/Shaders/Private/WideCustomResolve_Wide.ush" 2214
"../../../Engine/Shaders/Private/WideCustomResolve_Wider.ush" 2215
"../../../Engine/Shaders/Private/WideCustomResolve_Widest.ush" 2216
"../../../Engine/Shaders/Private/WaterInfoTextureBlur.usf" 2217
"../../../Engine/Shaders/Private/WaterInfoTextureMerge.usf" 2218
"../../../Engine/Shaders/Private/PageTableUpdate.usf" 2219
"../../../Engine/Shaders/Private/VirtualTextureCompress.usf" 2220
"../../../Engine/Shaders/Private/ETCCompressionCommon.ush" 2221
"../../../Engine/Shaders/Private/VirtualTextureMaterial.usf" 2222
"../../../Engine/Shaders/Private/PixelShaderOutputCommon.ush" 2223
"../../../Engine/Shaders/Private/ShaderOutputCommon.ush" 2224
"../../../Engine/Shaders/Private/VolumetricRenderTarget.usf" 2225
"../../../Engine/Shaders/Private/HeightFogCommon.ush" 2226
"../../../Engine/Shaders/Private/LocalFogVolumes/LocalFogVolumeCommon.ush" 2227
"../../../Engine/Shaders/Private/ReflectionEnvironmentShared.ush" 2228
"../../../Engine/Shaders/Private/VolumetricFogVoxelization.usf" 2229
"../../../Engine/Shaders/Private/VolumetricCloudMaterialPixelCommon.ush" 2230
"../../../Engine/Shaders/Private/VolumetricFogLightFunction.usf" 2231
"../../../Engine/Shaders/Private/LightFunctionCommon.ush" 2232
"../../../Engine/Shaders/Private/VolumetricFog.usf" 2233
"../../../Engine/Shaders/Private/DeferredLightingCommon.ush" 2234
"../../../Engine/Shaders/Private/DynamicLightingCommon.ush" 2235
"../../../Engine/Shaders/Private/CapsuleLightIntegrate.ush" 2236
"../../../Engine/Shaders/Private/CapsuleLightSampling.ush" 2237
"../../../Engine/Shaders/Private/RectLightIntegrate.ush" 2238
"../../../Engine/Shaders/Private/ScreenSpaceShadowRayCast.ush" 2239
"../../../Engine/Shaders/Private/LightFunctionAtlas/LightFunctionAtlasCommon.usf" 2240
"../../../Engine/Shaders/Private/HeterogeneousVolumes/HeterogeneousVolumesAdaptiveVolumetricShadowMapSampling.ush" 2241
"../../../Engine/Shaders/Private/HeterogeneousVolumes/HeterogeneousVolumesAdaptiveVolumetricShadowMapUtils.ush" 2242
"../../../Engine/Shaders/Private/HeterogeneousVolumes/HeterogeneousVolumesRayMarchingUtils.ush" 2243
"../../../Engine/Shaders/Private/HeterogeneousVolumes/HeterogeneousVolumesRayMarchingTypes.ush" 2244
"../../../Engine/Shaders/Private/PathTracing/Utilities/PathTracingRandomSequence.ush" 2245
"../../../Engine/Shaders/Private/HeterogeneousVolumes/HeterogeneousVolumesTracingUtils.ush" 2246
"../../../Engine/Shaders/Private/VelocityCommon.ush" 2247
"../../../Engine/Shaders/Private/HeterogeneousVolumes/HeterogeneousVolumesTransmittanceVolumeUtils.ush" 2248
"../../../Engine/Shaders/Private/ForwardShadowingCommon.ush" 2249
"../../../Engine/Shaders/Private/ShadowFilteringCommon.ush" 2250
"../../../Engine/Shaders/Private/PixelQuadMessagePassing.ush" 2251
"../../../Engine/Shaders/Private/VolumeLightingCommon.ush" 2252
"../../../Engine/Shaders/Private/VolumeLightingCommonSampling.ush" 2253
"../../../Engine/Shaders/Private/Lumen/LumenTranslucencyVolumeShared.ush" 2254
"../../../Engine/Shaders/Private/Lumen/LumenRadianceCacheInterpolation.ush" 2255
"../../../Engine/Shaders/Private/HeterogeneousVolumes/HeterogeneousVolumesAdaptiveVolumetricShadowMapSampler.ush" 2256
"../../../Engine/Shaders/Private/LightGridCommon.ush" 2257
"../../../Engine/Shaders/Private/DistanceFieldAOShared.ush" 2258
"../../../Engine/Shaders/Private/IntersectionUtils.ush" 2259
"../../../Engine/Shaders/Private/VolumetricLightmapShared.ush" 2260
"../../../Engine/Shaders/Private/LightDataUniforms.ush" 2261
"../../../Engine/Shaders/Private/VirtualShadowMaps/VirtualShadowMapProjectionCommon.ush" 2262
"../../../Engine/Shaders/Private/VirtualShadowMaps/VirtualShadowMapPageAccessCommon.ush" 2263
"../../../Engine/Shaders/Shared/VirtualShadowMapDefinitions.h" 2264
"../../../Engine/Shaders/Shared/HLSLMathAliases.h" 2265
"../../../Engine/Shaders/Private/VirtualShadowMaps/VirtualShadowMapProjectionStructs.ush" 2266
"../../../Engine/Shaders/Private/VolumetricCloudCommon.ush" 2267
"../../../Engine/Shaders/Private/VolumetricCloud.usf" 2268
"../../../Engine/Shaders/Private/VisualizeVolumetricLightmap.usf" 2269
"../../../Engine/Shaders/Private/VirtualShadowMaps/VirtualShadowMapProjectionComposite.usf" 2270
"../../../Engine/Shaders/Private/LightShaderParameters.ush" 2271
"../../../Engine/Shaders/Private/VirtualShadowMaps/VirtualShadowMapMaskBitsCommon.ush" 2272
"../../../Engine/Shaders/Private/VirtualShadowMaps/VirtualShadowMapLightGrid.ush" 2273
"../../../Engine/Shaders/Private/VirtualShadowMaps/VirtualShadowMapProjection.usf" 2274
"../../../Engine/Shaders/Private/Visualization.ush" 2275
"../../../Engine/Shaders/Private/VirtualShadowMaps/VirtualShadowMapProjectionFilter.ush" 2276
"../../../Engine/Shaders/Private/VirtualShadowMaps/VirtualShadowMapProjectionDirectional.ush" 2277
"../../../Engine/Shaders/Private/VirtualShadowMaps/VirtualShadowMapSMRTCommon.ush" 2278
"../../../Engine/Shaders/Private/VirtualShadowMaps/VirtualShadowMapSMRTTemplate.ush" 2279
"../../../Engine/Shaders/Private/VirtualShadowMaps/VirtualShadowMapProjectionSpot.ush" 2280
"../../../Engine/Shaders/Private/VirtualShadowMaps/VirtualShadowMapTransmissionCommon.ush" 2281
"../../../Engine/Shaders/Private/VirtualShadowMaps/VirtualShadowMapScreenRayTrace.ush" 2282
"../../../Engine/Shaders/Private/VirtualShadowMaps/VirtualShadowMapStats.ush" 2283
"../../../Engine/Shaders/Private/HairStrands/HairStrandsVoxelPageCommon.ush" 2284
"../../../Engine/Shaders/Private/HairStrands/HairStrandsVoxelPageTraversal.ush" 2285
"../../../Engine/Shaders/Private/VirtualShadowMaps/VirtualShadowMapCacheLoadBalancer.usf" 2286
"../../../Engine/Shaders/Private/VirtualShadowMaps/VirtualShadowMapPageCacheCommon.ush" 2287
"../../../Engine/Shaders/Private/VirtualShadowMaps/VirtualShadowMapCacheInvalidation.ush" 2288
"../../../Engine/Shaders/Private/VirtualShadowMaps/VirtualShadowMapPageOverlap.ush" 2289
"../../../Engine/Shaders/Private/ScreenSpaceDenoise/SSDDefinitions.ush" 2290
"../../../Engine/Shaders/Private/InstanceCulling/InstanceCullingLoadBalancer.ush" 2291
"../../../Engine/Shaders/Private/VirtualShadowMaps/VirtualShadowMapCopyStats.usf" 2292
"../../../Engine/Shaders/Private/VirtualShadowMaps/VirtualShadowMapDebug.usf" 2293
"../../../Engine/Shaders/Private/VirtualShadowMaps/Desaturate.usf" 2294
"../../../Engine/Shaders/Private/VirtualShadowMaps/VirtualShadowMapPhysicalPageManagement.usf" 2295
"../../../Engine/Shaders/Private/ReductionCommon.ush" 2296
"../../../Engine/Shaders/Private/GPUMessaging.ush" 2297
"../../../Engine/Shaders/Private/VirtualShadowMaps/VirtualShadowMapPerPageDispatch.ush" 2298
"../../../Engine/Shaders/Private/VirtualShadowMaps/VirtualShadowMapBuildPerPageDrawCommands.usf" 2299
"../../../Engine/Shaders/Private/Nanite/NaniteCullingCommon.ush" 2300
"../../../Engine/Shaders/Private/Nanite/NaniteCulling.ush" 2301
"../../../Engine/Shaders/Private/Nanite/NaniteHierarchyTraversalCommon.ush" 2302
"../../../Engine/Shaders/Private/InstanceCulling/InstanceCullingCommon.ush" 2303
"../../../Engine/Shaders/Shared/InstanceCullingDefinitions.h" 2304
"../../../Engine/Shaders/Private/VirtualShadowMaps/VirtualShadowMapPrintStats.usf" 2305
"../../../Engine/Shaders/Private/VirtualShadowMaps/VirtualShadowMapPageManagement.usf" 2306
"../../../Engine/Shaders/Private/VirtualShadowMaps/VirtualShadowMapPageMarking.usf" 2307
"../../../Engine/Shaders/Shared/SingleLayerWaterDefinitions.h" 2308
"../../../Engine/Shaders/Private/HairStrands/HairStrandsTileCommon.ush" 2309
"../../../Engine/Shaders/Private/Froxel/Froxel.ush" 2310
"../../../Engine/Shaders/Shared/FroxelDefinitions.h" 2311
"../../../Engine/Shaders/Private/VariableRateShading/VRSShadingRatePreview.usf" 2312
"../../../Engine/Shaders/Private/VariableRateShading/VRSShadingRateCommon.ush" 2313
"../../../Engine/Shaders/Private/VariableRateShading/VRSShadingRateCombine.usf" 2314
"../../../Engine/Shaders/Private/VariableRateShading/VRSShadingRateFoveated.usf" 2315
"../../../Engine/Shaders/Private/VariableRateShading/VRSShadingRateReproject.usf" 2316
"../../../Engine/Shaders/Private/VariableRateShading/VRSShadingRateCalculate.usf" 2317
"../../../Engine/Shaders/Private/TranslucencyUpsampling.usf" 2318
"../../../Engine/Shaders/Private/ComposeSeparateTranslucency.usf" 2319
"../../../Engine/Shaders/Private/SeparateTranslucency.ush" 2320
"../../../Engine/Shaders/Private/TranslucentLightInjectionShaders.usf" 2321
"../../../Engine/Shaders/Private/TranslucentShadowDepthShaders.usf" 2322
"../../../Engine/Shaders/Private/ShadowDepthCommon.ush" 2323
"../../../Engine/Shaders/Private/RayTracing/RayTracingTest.usf" 2324
"../../../Engine/Shaders/Private/PostProcessSubsurfaceTile.usf" 2325
"../../../Engine/Shaders/Private/Substrate/SubstrateVisualize.usf" 2326
"../../../Engine/Shaders/Private/Substrate/SubstrateTile.ush" 2327
"../../../Engine/Shaders/Private/Substrate/SubstrateVisualizeCommon.ush" 2328
"../../../Engine/Shaders/Private/SkyLightingDiffuseShared.ush" 2329
"../../../Engine/Shaders/Private/SkyLightingShared.ush" 2330
"../../../Engine/Shaders/Private/ClearCoatCommon.ush" 2331
"../../../Engine/Shaders/Private/ReflectionEnvironmentComposite.ush" 2332
"../../../Engine/Shaders/Private/Substrate/SubstrateLightingCommon.ush" 2333
"../../../Engine/Shaders/Private/Substrate/SubstrateRoughRefraction.usf" 2334
"../../../Engine/Shaders/Private/PathTracing/Material/PathTracingFresnel.ush" 2335
"../../../Engine/Shaders/Private/PathTracing/Material/PathTracingGlossy.ush" 2336
"../../../Engine/Shaders/Private/Substrate/SubstrateTile.usf" 2337
"../../../Engine/Shaders/Private/Substrate/SubstrateMaterialClassification.usf" 2338
"../../../Engine/Shaders/Private/Substrate/SubstrateDBuffer.usf" 2339
"../../../Engine/Shaders/Private/StochasticLighting/StochasticLightingDenoising.usf" 2340
"../../../Engine/Shaders/Private/Lumen/LumenMaterial.ush" 2341
"../../../Engine/Shaders/Private/StochasticLighting/StochasticLightingCommon.ush" 2342
"../../../Engine/Shaders/Private/SplineMeshSceneTexture.usf" 2343
"../../../Engine/Shaders/Private/SparseVolumeTexture/VisualizeSparseVolumeTexture.usf" 2344
"../../../Engine/Shaders/Private/SkyAtmosphere.usf" 2345
"../../../Engine/Shaders/Private/CopyDepthTexture.usf" 2346
"../../../Engine/Shaders/Private/SingleLayerWaterComposite.usf" 2347
"../../../Engine/Shaders/Private/Froxel/FroxelBuild.ush" 2348
"../../../Engine/Shaders/Private/ScreenSpaceShadows.usf" 2349
"../../../Engine/Shaders/Private/bend_sss_gpu.ush" 2350
"../../../Engine/Shaders/Private/ShadowFactorsUpsampleCommon.ush" 2351
"../../../Engine/Shaders/Private/ShadowProjectionVertexShader.usf" 2352
"../../../Engine/Shaders/Private/ShadowProjectionPixelShader.usf" 2353
"../../../Engine/Shaders/Private/MobileLightingCommon.ush" 2354
"../../../Engine/Shaders/Private/PlanarReflectionShared.ush" 2355
"../../../Engine/Shaders/Private/MobileSSR.ush" 2356
"../../../Engine/Shaders/Private/SSRT/SSRTRayCast.ush" 2357
"../../../Engine/Shaders/Private/ShadowPercentageCloserFiltering.ush" 2358
"../../../Engine/Shaders/Private/TransmissionThickness.ush" 2359
"../../../Engine/Shaders/Private/CopyShadowMaps.usf" 2360
"../../../Engine/Shaders/Private/ShadowDepthPixelShader.usf" 2361
"../../../Engine/Shaders/Private/ShadowDepthVertexShader.usf" 2362
"../../../Engine/Shaders/Private/ShadingEnergyConservationTable.usf" 2363
"../../../Engine/Shaders/Shared/PathTracingDefinitions.h" 2364
"../../../Engine/Shaders/Private/ShadingFurnaceTest.usf" 2365
"../../../Engine/Shaders/Private/Substrate/SubstrateDeferredLighting.ush" 2366
"../../../Engine/Shaders/Private/ShaderPrintDraw.usf" 2367
"../../../Engine/Shaders/Private/ShaderPrintDrawPrimitive.usf" 2368
"../../../Engine/Shaders/Private/DefaultSSRTiles.usf" 2369
"../../../Engine/Shaders/Private/ScreenSpaceReflectionTileCommons.ush" 2370
"../../../Engine/Shaders/Private/SSRT/SSRTDiffuseIndirect.usf" 2371
"../../../Engine/Shaders/Private/SSRT/SSRTTileClassificationBuffer.ush" 2372
"../../../Engine/Shaders/Private/SSRT/SSRTReflections.usf" 2373
"../../../Engine/Shaders/Private/ScreenSpaceDenoise/SSDPublic.ush" 2374
"../../../Engine/Shaders/Private/SSRT/SSRTTileClassification.usf" 2375
"../../../Engine/Shaders/Private/SSRT/SSRTPrevFrameReduction.usf" 2376
"../../../Engine/Shaders/Private/ScreenSpaceDenoise/SSDComposeHarmonics.usf" 2377
"../../../Engine/Shaders/Private/ScreenSpaceDenoise/SSDPublicHarmonics.ush" 2378
"../../../Engine/Shaders/Private/ScreenSpaceDenoise/SSDSignalFramework.ush" 2379
"../../../Engine/Shaders/Private/ScreenSpaceDenoise/SSDCommon.ush" 2380
"../../../Engine/Shaders/Private/SphericalGaussian.ush" 2381
"../../../Engine/Shaders/Public/WaveBroadcastIntrinsics.ush" 2382
"../../../Engine/Shaders/Private/ScreenSpaceDenoise/SSDMetadata.ush" 2383
"../../../Engine/Shaders/Private/ScreenSpaceDenoise/SSDSignalCore.ush" 2384
"../../../Engine/Shaders/Private/ScreenSpaceDenoise/DenoisingCommon.ush" 2385
"../../../Engine/Shaders/Private/ScreenSpaceDenoise/SSDSignalArray.ush" 2386
"../../../Engine/Shaders/Private/ScreenSpaceDenoise/SSDSignalBufferEncoding.ush" 2387
"../../../Engine/Shaders/Private/ScreenSpaceDenoise/SSDPublicBufferEncoding.ush" 2388
"../../../Engine/Shaders/Private/Lumen/LumenBufferEncoding.ush" 2389
"../../../Engine/Shaders/Private/ScreenSpaceDenoise/SSDTemporalAccumulation.usf" 2390
"../../../Engine/Shaders/Private/ScreenSpaceDenoise/SSDSpatialKernel.ush" 2391
"../../../Engine/Shaders/Private/ScreenSpaceDenoise/SSDSignalAccumulatorArray.ush" 2392
"../../../Engine/Shaders/Private/ScreenSpaceDenoise/SSDSignalAccumulator.ush" 2393
"../../../Engine/Shaders/Private/ScreenSpaceDenoise/SSDSignalCompression.ush" 2394
"../../../Engine/Shaders/Private/ScreenSpaceDenoise/SSDSpatialAccumulation.usf" 2395
"../../../Engine/Shaders/Private/ScreenSpaceDenoise/SSDInjest.usf" 2396
"../../../Engine/Shaders/Private/ScreenSpaceDenoise/SSDCompressMetadata.usf" 2397
"../../../Engine/Shaders/Private/DownsampleDepthPixelShader.usf" 2398
"../../../Engine/Shaders/Private/ScreenPass.usf" 2399
"../../../Engine/Shaders/Private/HZB.usf" 2400
"../../../Engine/Shaders/Private/OcclusionFeedbackShaders.usf" 2401
"../../../Engine/Shaders/Private/HZBOcclusion.usf" 2402
"../../../Engine/Shaders/Private/OcclusionQueryPixelShader.usf" 2403
"../../../Engine/Shaders/Private/OcclusionQueryVertexShader.usf" 2404
"../../../Engine/Shaders/Private/HitProxyCopy.usf" 2405
"../../../Engine/Shaders/Private/HitProxyPixelShader.usf" 2406
"../../../Engine/Shaders/Private/HitProxyVertexShader.usf" 2407
"../../../Engine/Shaders/Private/SceneCulling/SceneCullingDebugRender.usf" 2408
"../../../Engine/Shaders/Private/SceneCulling/SceneCulling.ush" 2409
"../../../Engine/Shaders/Shared/SceneCullingDefinitions.h" 2410
"../../../Engine/Shaders/Private/SceneCulling/SceneCullingBuildExplicitBounds.usf" 2411
"../../../Engine/Shaders/Private/SceneCapturePixelShader.usf" 2412
"../../../Engine/Shaders/Private/RendererUtils.usf" 2413
"../../../Engine/Shaders/Private/RTWriteMaskDecode.usf" 2414
"../../../Engine/Shaders/Private/ReflectionEnvironmentShaders.usf" 2415
"../../../Engine/Shaders/Private/RectLightAtlas.usf" 2416
"../../../Engine/Shaders/Private/RayTracing/TraceRayInlineStatistics.usf" 2417
"../../../Engine/Shaders/Private/RayTracing/CompositeSkyLightPS.usf" 2418
"../../../Engine/Shaders/Private/RayTracing/GenerateSkyLightVisibilityRaysCS.usf" 2419
"../../../Engine/Shaders/Private/RayTracing/RayTracingSkyLightCommon.ush" 2420
"../../../Engine/Shaders/Private/RayTracing/SkyLightVisibilityRaysData.ush" 2421
"../../../Engine/Shaders/Private/Raytracing/RaytracingSkylightRGS.usf" 2422
"../../../Engine/Shaders/Private/HairStrands/HairStrandsRaytracing.ush" 2423
"../../../Engine/Shaders/Private/Raytracing/RayTracingSkyLightEvaluation.ush" 2424
"../../../Engine/Shaders/Private/Raytracing/RayTracingDeferredShadingCommon.ush" 2425
"../../../Engine/Shaders/Private/RayTracing/RayTracingOcclusionRGS.usf" 2426
"../../../Engine/Shaders/Private/RayTracing/RayTracingDirectionalLight.ush" 2427
"../../../Engine/Shaders/Private/RayTracing/RayTracingRectLight.ush" 2428
"../../../Engine/Shaders/Private/RayTracing/RayTracingSphereLight.ush" 2429
"../../../Engine/Shaders/Private/RayTracing/RayTracingCapsuleLight.ush" 2430
"../../../Engine/Shaders/Private/RayTracing/RayTracingPrimaryRays.usf" 2431
"../../../Engine/Shaders/Private/RayTracing/RayTracingLightingCommon.ush" 2432
"../../../Engine/Shaders/Private/RayTracing/RayTracingLightCullingCommon.ush" 2433
"../../../Engine/Shaders/Private/RayTracing/RayTracingMaterialDefaultHitShaders.usf" 2434
"../../../Engine/Shaders/Private/RayTracing/RayTracingMaterialHitShaders.usf" 2435
"../../../Engine/Shaders/Private/RayTracing/RayTracingShaderUtils.ush" 2436
"../../../Engine/Shaders/Private/RayTracing/RayTracingCalcInterpolants.ush" 2437
"../../../Engine/Shaders/Private/LightmapCommon.ush" 2438
"../../../Engine/Shaders/Private/Lumen/LumenHardwareRayTracingPayloadCommon.ush" 2439
"../../../Engine/Shaders/Shared/LumenDefinitions.h" 2440
"../../../Engine/Shaders/Private/Substrate/SubstrateExport.ush" 2441
"../../../Engine/Shaders/Private/RayTracing/RayTracingLightingMS.usf" 2442
"../../../Engine/Shaders/Private/RayTracing/RayTracingLightFunctionCommon.ush" 2443
"../../../Engine/Shaders/Private/RayTracing/RayTracingBuildLightGrid.usf" 2444
"../../../Engine/Shaders/Private/Raytracing/RayTracingInstanceBufferUtil.usf" 2445
"../../../Engine/Shaders/Private/RayTracing/RayTracingDynamicMesh.usf" 2446
"../../../Engine/Shaders/Private/RayTracing/RayTracingDefaultDecalHitShader.usf" 2447
"../../../Engine/Shaders/Private/RayTracing/RayTracingDecalMaterialShader.usf" 2448
"../../../Engine/Shaders/Private/PathTracing/PathTracingShaderUtils.ush" 2449
"../../../Engine/Shaders/Private/PathTracing/PathTracingCommon.ush" 2450
"../../../Engine/Shaders/Private/PathTracing/Material/PathTracingMaterialCommon.ush" 2451
"../../../Engine/Shaders/Private/RayTracing/RayTracingBuildDecalGrid.usf" 2452
"../../../Engine/Shaders/Private/RayTracing/RayTracingDebugHitStatsUtils.usf" 2453
"../../../Engine/Shaders/Private/RayTracing/RayTracingDebugInstanceOverlap.usf" 2454
"../../../Engine/Shaders/Private/RayTracing/RayTracingDebugPicking.usf" 2455
"../../../Engine/Shaders/Private/RayTracing/RayTracingDebugUtils.ush" 2456
"../../../Engine/Shaders/Shared/RayTracingDebugTypes.h" 2457
"../../../Engine/Shaders/Private/RayTracing/RayTracingDebugTraversal.usf" 2458
"../../../Engine/Shaders/Private/RayTracing/RayTracingDeferredMaterials.ush" 2459
"../../../Engine/Shaders/Shared/ThirdParty/AMD/ags_shader_intrinsics_dx12.h" 2460
"../../../Engine/Shaders/Shared/RayTracingDebugDefinitions.h" 2461
"../../../Engine/Shaders/Private/RayTracing/RayTracingDebugHitStatsCHS.usf" 2462
"../../../Engine/Shaders/Private/RayTracing/RayTracingDebugHitStats.usf" 2463
"../../../Engine/Shaders/Private/RayTracing/RayTracingDebugMS.usf" 2464
"../../../Engine/Shaders/Private/RayTracing/RayTracingDebugCHS.usf" 2465
"../../../Engine/Shaders/Private/RayTracing/RayTracingDebug.usf" 2466
"../../../Engine/Shaders/Private/RayTracing/RayTracingBuiltInShaders.usf" 2467
"../../../Engine/Shaders/Private/RayTracing/RayTracingBarycentrics.usf" 2468
"../../../Engine/Shaders/Private/RayTracing/RayTracingAmbientOcclusionRGS.usf" 2469
"../../../Engine/Shaders/Private/VisualizeShadingModels.usf" 2470
"../../../Engine/Shaders/Private/MotionBlur/VisualizeMotionVectors.usf" 2471
"../../../Engine/Shaders/Private/TemporalSuperResolution/TSRVisualize.usf" 2472
"../../../Engine/Shaders/Private/TemporalSuperResolution/TSRColorSpace.ush" 2473
"../../../Engine/Shaders/Private/TemporalSuperResolution/TSRCommon.ush" 2474
"../../../Engine/Shaders/Public/DualPixelVectorization.ush" 2475
"../../../Engine/Shaders/Private/TemporalSuperResolution/TSRReprojectionField.ush" 2476
"../../../Engine/Shaders/Private/TemporalSuperResolution/TSRResolveHistory.usf" 2477
"../../../Engine/Shaders/Private/TemporalSuperResolution/TSRConvolutionNetwork.ush" 2478
"../../../Engine/Shaders/Private/TemporalSuperResolution/TSRKernels.ush" 2479
"../../../Engine/Shaders/Public/LaneVectorization.ush" 2480
"../../../Engine/Shaders/Private/TemporalSuperResolution/TSRUpdateHistory.usf" 2481
"../../../Engine/Shaders/Private/TemporalSuperResolution/TSRSpatialAntiAliasing.ush" 2482
"../../../Engine/Shaders/Private/TemporalSuperResolution/TSRSpatialAntiAliasing.usf" 2483
"../../../Engine/Shaders/Private/TemporalSuperResolution/TSRRejectShading.usf" 2484
"../../../Engine/Shaders/Private/TemporalSuperResolution/TSRShadingAnalysis.ush" 2485
"../../../Engine/Shaders/Private/TemporalSuperResolution/TSRConvolutionNetworkPass.ush" 2486
"../../../Engine/Shaders/Private/TemporalSuperResolution/TSRDecimateHistory.usf" 2487
"../../../Engine/Shaders/Private/TemporalSuperResolution/TSRDepthVelocityAnalysis.ush" 2488
"../../../Engine/Shaders/Private/TemporalSuperResolution/TSRClosestOccluder.ush" 2489
"../../../Engine/Shaders/Private/TemporalSuperResolution/TSRDilateVelocity.usf" 2490
"../../../Engine/Shaders/Private/MotionBlur/MotionBlurVelocityFlatten.ush" 2491
"../../../Engine/Shaders/Private/MotionBlur/MotionBlurCommon.ush" 2492
"../../../Engine/Shaders/Private/TemporalSuperResolution/TSRClearPrevTextures.usf" 2493
"../../../Engine/Shaders/Private/TemporalSuperResolution/TSRMeasureFlickeringLuma.usf" 2494
"../../../Engine/Shaders/Private/TemporalAA.usf" 2495
"../../../Engine/Shaders/Private/FilterPixelShader.usf" 2496
"../../../Engine/Shaders/Private/FilterVertexShader.usf" 2497
"../../../Engine/Shaders/Private/PostProcessVisualizeBuffer.usf" 2498
"../../../Engine/Shaders/Private/PostProcessVisualizeLocalExposure.usf" 2499
"../../../Engine/Shaders/Private/PostProcessHistogramCommon.ush" 2500
"../../../Engine/Shaders/Private/TonemapCommon.ush" 2501
"../../../Engine/Shaders/Private/ACES.ush" 2502
"../../../Engine/Shaders/Private/PostProcessVisualizeLevelInstance.usf" 2503
"../../../Engine/Shaders/Private/PostProcessVisualizeHDR.usf" 2504
"../../../Engine/Shaders/Private/ShaderComplexityApplyPixelShader.usf" 2505
"../../../Engine/Shaders/Private/QuadOverdraw.ush" 2506
"../../../Engine/Shaders/Private/PostProcessUpscale.usf" 2507
"../../../Engine/Shaders/Private/PostProcessTonemap.usf" 2508
"../../../Engine/Shaders/Private/PostProcessing/FilmGrainPackConstants.usf" 2509
"../../../Engine/Shaders/Private/PostProcessing/FilmGrainReduce.usf" 2510
"../../../Engine/Shaders/Private/PostProcessTestImage.usf" 2511
"../../../Engine/Shaders/Private/PostProcessSubsurface.usf" 2512
"../../../Engine/Shaders/Private/SeparableSSS.ush" 2513
"../../../Engine/Shaders/Private/SubsurfaceBurleyNormalized.ush" 2514
"../../../Engine/Shaders/Private/PostProcessSelectionOutline.usf" 2515
"../../../Engine/Shaders/Private/PostProcessPixelProjectedReflectionMobile.usf" 2516
"../../../Engine/Shaders/Private/MotionBlur/MotionBlurVisualize.usf" 2517
"../../../Engine/Shaders/Private/MotionBlur/MotionBlurApply.usf" 2518
"../../../Engine/Shaders/Private/MotionBlur/MotionBlurFilterTileClassify.usf" 2519
"../../../Engine/Shaders/Private/MotionBlur/MotionBlurTileScatter.usf" 2520
"../../../Engine/Shaders/Private/MotionBlur/MotionBlurTileGather.usf" 2521
"../../../Engine/Shaders/Private/MotionBlur/MotionBlurVelocityFlatten.usf" 2522
"../../../Engine/Shaders/Private/PostProcessMobile.usf" 2523
"../../../Engine/Shaders/Private/PostProcessMitchellNetravali.usf" 2524
"../../../Engine/Shaders/Private/PostProcessMaterialShaders.usf" 2525
"../../../Engine/Shaders/Private/NeuralPostProcessCommon.usf" 2526
"../../../Engine/Shaders/Private/PostProcessLocalExposure.usf" 2527
"../../../Engine/Shaders/Private/PostProcessLensFlares.usf" 2528
"../../../Engine/Shaders/Private/PostProcessGBufferHints.usf" 2529
"../../../Engine/Shaders/Private/PostProcessHMD.usf" 2530
"../../../Engine/Shaders/Private/Histogram.usf" 2531
"../../../Engine/Shaders/Private/PostProcessHistogramReduce.usf" 2532
"../../../Engine/Shaders/Private/PostProcessHistogram.usf" 2533
"../../../Engine/Shaders/Private/Bloom/BloomFinalizeApplyConstants.usf" 2534
"../../../Engine/Shaders/Private/Bloom/BloomCommon.ush" 2535
"../../../Engine/Shaders/Private/Bloom/BloomResizeKernel.usf" 2536
"../../../Engine/Shaders/Private/Bloom/BloomDownsampleKernel.usf" 2537
"../../../Engine/Shaders/Private/Bloom/BloomClampKernel.usf" 2538
"../../../Engine/Shaders/Private/Bloom/BloomPackKernelConstants.usf" 2539
"../../../Engine/Shaders/Private/Bloom/BloomSumScatterDispersionEnergy.usf" 2540
"../../../Engine/Shaders/Private/Bloom/BloomReduceKernelSurvey.usf" 2541
"../../../Engine/Shaders/Private/Bloom/BloomSurveyKernelCenterEnergy.usf" 2542
"../../../Engine/Shaders/Private/Bloom/BloomSurveyMaxScatterDispersion.usf" 2543
"../../../Engine/Shaders/Private/Bloom/BloomFindKernelCenter.usf" 2544
"../../../Engine/Shaders/Private/PostProcessEyeAdaptation.usf" 2545
"../../../Engine/Shaders/Private/TranslucencyVolumeCommon.ush" 2546
"../../../Engine/Shaders/Private/PostProcessEyeAdaptationUtils.usf" 2547
"../../../Engine/Shaders/Private/PostProcessDownsample.usf" 2548
"../../../Engine/Shaders/Private/PostProcessDOF.usf" 2549
"../../../Engine/Shaders/Private/PostProcessDeviceEncodingOnly.usf" 2550
"../../../Engine/Shaders/Private/PostProcessCompositePrimitives.usf" 2551
"../../../Engine/Shaders/Private/PostProcessCombineLUTs.usf" 2552
"../../../Engine/Shaders/Private/PostProcessVisualizeDOF.usf" 2553
"../../../Engine/Shaders/Private/PostProcessBloom.usf" 2554
"../../../Engine/Shaders/Private/PostProcessAmbientOcclusionMobile.usf" 2555
"../../../Engine/Shaders/Private/PostProcessAmbientOcclusionCommon.ush" 2556
"../../../Engine/Shaders/Private/FXAAShader.usf" 2557
"../../../Engine/Shaders/Private/Fxaa3_11.ush" 2558
"../../../Engine/Shaders/Private/PaniniProjection.usf" 2559
"../../../Engine/Shaders/Private/DiaphragmDOF/DOFRecombine.usf" 2560
"../../../Engine/Shaders/Private/DiaphragmDOF/DOFCommon.ush" 2561
"../../../Engine/Shaders/Private/DiaphragmDOF/DOFHybridScatterPixelShader.usf" 2562
"../../../Engine/Shaders/Private/DiaphragmDOF/DOFHybridScatterCommon.ush" 2563
"../../../Engine/Shaders/Private/DiaphragmDOF/DOFHybridScatterVertexShader.usf" 2564
"../../../Engine/Shaders/Private/DiaphragmDOF/DOFPostfiltering.usf" 2565
"../../../Engine/Shaders/Private/DiaphragmDOF/DOFGatherTileSuggest.ush" 2566
"../../../Engine/Shaders/Private/DiaphragmDOF/DOFCocTileCommon.ush" 2567
"../../../Engine/Shaders/Private/DiaphragmDOF/DOFGatherPass.usf" 2568
"../../../Engine/Shaders/Private/DiaphragmDOF/DOFGatherCommon.ush" 2569
"../../../Engine/Shaders/Private/DiaphragmDOF/DOFGatherAccumulator.ush" 2570
"../../../Engine/Shaders/Private/DiaphragmDOF/DOFGatherKernel.ush" 2571
"../../../Engine/Shaders/Private/DiaphragmDOF/DOFBokehLUT.usf" 2572
"../../../Engine/Shaders/Private/DiaphragmDOF/DOFHybridScatterCompilation.usf" 2573
"../../../Engine/Shaders/Private/DiaphragmDOF/DOFReduce.usf" 2574
"../../../Engine/Shaders/Private/DiaphragmDOF/DOFDownsample.ush" 2575
"../../../Engine/Shaders/Private/DiaphragmDOF/DOFHybridScatterCompilation.ush" 2576
"../../../Engine/Shaders/Private/DiaphragmDOF/DOFDownsample.usf" 2577
"../../../Engine/Shaders/Private/DiaphragmDOF/DOFCocTileDilate.usf" 2578
"../../../Engine/Shaders/Private/DiaphragmDOF/DOFCocTileFlatten.usf" 2579
"../../../Engine/Shaders/Private/DiaphragmDOF/DOFSetup.usf" 2580
"../../../Engine/Shaders/Private/Tools/DebugAlphaChannel.usf" 2581
"../../../Engine/Shaders/Private/PlanarReflectionShaders.usf" 2582
"../../../Engine/Shaders/Private/PhysicsFieldVisualizer.usf" 2583
"../../../Engine/Shaders/Private/PathTracing/PathTracingSpatialTemporalDenoising.usf" 2584
"../../../Engine/Shaders/Private/ColorDifference.ush" 2585
"../../../Engine/Shaders/Private/PathTracing/PathTracingCompositingPixelShader.usf" 2586
"../../../Engine/Shaders/Private/PathTracing/PathTracingAdaptiveUtils.ush" 2587
"../../../Engine/Shaders/Private/PathTracing/PathTracingDefaultHitShader.usf" 2588
"../../../Engine/Shaders/Private/PathTracing/PathTracingGPULightmassMaterialHitShader.usf" 2589
"../../../Engine/Shaders/Private/PathTracing/PathTracingMaterialHitShader.usf" 2590
"../../../Engine/Shaders/Private/PathTracing/Material/PathTracingSubstrateCommon.ush" 2591
"../../../Engine/Shaders/Private/PathTracing/PathTracingLightingMissShader.usf" 2592
"../../../Engine/Shaders/Private/PathTracing/PathTracingMissShader.usf" 2593
"../../../Engine/Shaders/Private/PathTracing/PathTracingAdaptiveStart.usf" 2594
"../../../Engine/Shaders/Private/PathTracing/PathTracingBuildAdaptiveError.usf" 2595
"../../../Engine/Shaders/Private/PathTracing/PathTracingVolumetricCloudMaterialShader.usf" 2596
"../../../Engine/Shaders/Private/PathTracing/Volume/PathTracingCloudsMaterialCommon.ush" 2597
"../../../Engine/Shaders/Private/PathTracing/Volume/PathTracingVolumeCommon.ush" 2598
"../../../Engine/Shaders/Private/PathTracing/Volume/PathTracingCloudsCommon.ush" 2599
"../../../Engine/Shaders/Private/PathTracing/PathTracingBuildCloud.usf" 2600
"../../../Engine/Shaders/Private/PathTracing/Volume/PathTracingAtmosphereCommon.ush" 2601
"../../../Engine/Shaders/Private/PathTracing/PathTracingBuildCloudAccelerationMap.usf" 2602
"../../../Engine/Shaders/Private/PathTracing/PathTracingBuildAtmosphereLUT.usf" 2603
"../../../Engine/Shaders/Private/PathTracing/PathTracingSwizzleScanlines.usf" 2604
"../../../Engine/Shaders/Private/PathTracing/PathTracingInitExtinctionCoefficient.usf" 2605
"../../../Engine/Shaders/Private/PathTracing/PathTracingCopyDepth.usf" 2606
"../../../Engine/Shaders/Private/PathTracing/PathTracingDebug.usf" 2607
"../../../Engine/Shaders/Private/RayTracing/RayTracingDecalGrid.ush" 2608
"../../../Engine/Shaders/Private/PathTracing/Utilities/PathTracingRIS.ush" 2609
"../../../Engine/Shaders/Private/PathTracing/Light/PathTracingLightSampling.ush" 2610
"../../../Engine/Shaders/Private/PathTracing/Light/PathTracingLightCommon.ush" 2611
"../../../Engine/Shaders/Private/PathTracing/Light/PathTracingDirectionalLight.ush" 2612
"../../../Engine/Shaders/Private/PathTracing/Light/PathTracingPointLight.ush" 2613
"../../../Engine/Shaders/Private/PathTracing/Light/PathTracingCapsuleLight.ush" 2614
"../../../Engine/Shaders/Private/PathTracing/Light/PathTracingRectLight.ush" 2615
"../../../Engine/Shaders/Private/PathTracing/Light/PathTracingSkyLight.ush" 2616
"../../../Engine/Shaders/Private/PathTracing/Light/PathTracingLightGrid.ush" 2617
"../../../Engine/Shaders/Private/PathTracing/PathTracing.usf" 2618
"../../../Engine/Shaders/Private/PathTracing/PathTracingCore.ush" 2619
"../../../Engine/Shaders/Private/HeterogeneousVolumes/HeterogeneousVolumesVoxelGridTypes.ush" 2620
"../../../Engine/Shaders/Private/PathTracing/Material/PathTracingMaterialSampling.ush" 2621
"../../../Engine/Shaders/Private/PathTracing/Material/PathTracingLambert.ush" 2622
"../../../Engine/Shaders/Private/PathTracing/Material/PathTracingSubstrate.ush" 2623
"../../../Engine/Shaders/Private/PathTracing/Material/PathTracingSubstrateFoliage.ush" 2624
"../../../Engine/Shaders/Private/PathTracing/Material/PathTracingSubstrateSolidGlass.ush" 2625
"../../../Engine/Shaders/Private/PathTracing/Material/PathTracingSubstrateThinGlass.ush" 2626
"../../../Engine/Shaders/Private/PathTracing/Material/PathTracingSolidGlass.ush" 2627
"../../../Engine/Shaders/Private/PathTracing/Material/PathTracingEnergyConservation.ush" 2628
"../../../Engine/Shaders/Private/PathTracing/Material/PathTracingThinGlass.ush" 2629
"../../../Engine/Shaders/Private/PathTracing/Material/PathTracingDefaultLit.ush" 2630
"../../../Engine/Shaders/Private/PathTracing/Material/PathTracingClearCoat.ush" 2631
"../../../Engine/Shaders/Private/PathTracing/Material/PathTracingTwoSidedFoliage.ush" 2632
"../../../Engine/Shaders/Private/PathTracing/Material/PathTracingCloth.ush" 2633
"../../../Engine/Shaders/Private/PathTracing/Material/PathTracingSubsurfaceProfile.ush" 2634
"../../../Engine/Shaders/Private/PathTracing/Material/PathTracingEye.ush" 2635
"../../../Engine/Shaders/Private/PathTracing/Material/PathTracingHair.ush" 2636
"../../../Engine/Shaders/Private/PathTracing/Material/PathTracingMedium.ush" 2637
"../../../Engine/Shaders/Private/PathTracing/Volume/PathTracingVolume.ush" 2638
"../../../Engine/Shaders/Private/PathTracing/Volume/PathTracingAtmosphere.ush" 2639
"../../../Engine/Shaders/Private/PathTracing/Volume/PathTracingClouds.ush" 2640
"../../../Engine/Shaders/Private/PathTracing/Volume/PathTracingFog.ush" 2641
"../../../Engine/Shaders/Private/PathTracing/Volume/PathTracingHeterogeneousVolumes.ush" 2642
"../../../Engine/Shaders/Private/HeterogeneousVolumes/HeterogeneousVolumesVoxelGridTraversal.ush" 2643
"../../../Engine/Shaders/Private/HeterogeneousVolumes/HeterogeneousVolumesVoxelGridUtils.ush" 2644
"../../../Engine/Shaders/Private/HeterogeneousVolumes/HeterogeneousVolumesFrustumVoxelGridUtils.ush" 2645
"../../../Engine/Shaders/Private/PathTracing/Volume/PathTracingVolumeSampling.ush" 2646
"../../../Engine/Shaders/Private/PathTracing/PathTracingBuildLightGrid.usf" 2647
"../../../Engine/Shaders/Private/PathTracing/PathTracingSkylightMISCompensation.usf" 2648
"../../../Engine/Shaders/Private/PathTracing/PathTracingSkylightPrepare.usf" 2649
"../../../Engine/Shaders/Private/OIT/OITSorting.usf" 2650
"../../../Engine/Shaders/Private/OITCombine.usf" 2651
"../../../Engine/Shaders/Private/OITCommon.ush" 2652
"../../../Engine/Shaders/Private/Nanite/Voxel/RasterizeBricks.usf" 2653
"../../../Engine/Shaders/Private/Nanite/Voxel/Brick.ush" 2654
"../../../Engine/Shaders/Private/Nanite/Voxel/Voxel.ush" 2655
"../../../Engine/Shaders/Private/Nanite/Voxel/ScatterBricks.usf" 2656
"../../../Engine/Shaders/Private/Nanite/Voxel/TileBricks.usf" 2657
"../../../Engine/Shaders/Private/Nanite/Voxel/AutoVoxel.usf" 2658
"../../../Engine/Shaders/Private/Nanite/NaniteDebugViews.usf" 2659
"../../../Engine/Shaders/Private/Nanite/NaniteEditorCommon.ush" 2660
"../../../Engine/Shaders/Private/BinarySearch.ush" 2661
"../../../Engine/Shaders/Private/Nanite/NaniteDepthDecode.usf" 2662
"../../../Engine/Shaders/Private/HTileEncoding.ush" 2663
"../../../Engine/Shaders/Private/Nanite/NaniteVisualize.usf" 2664
"../../../Engine/Shaders/Private/Nanite/NaniteStreamOut.usf" 2665
"../../../Engine/Shaders/Private/Nanite/NaniteHierarchyTraversal.ush" 2666
"../../../Engine/Shaders/Private/Skinning/TransformProviders.usf" 2667
"../../../Engine/Shaders/Private/Nanite/NaniteShadeBinning.usf" 2668
"../../../Engine/Shaders/Private/Nanite/NaniteShadeCommon.ush" 2669
"../../../Engine/Shaders/Private/Nanite/NaniteFastClear.usf" 2670
"../../../Engine/Shaders/Private/Nanite/NaniteExportGBuffer.usf" 2671
"../../../Engine/Shaders/Private/Nanite/NaniteClusterCulling.usf" 2672
"../../../Engine/Shaders/Private/Nanite/NanitePrintStats.usf" 2673
"../../../Engine/Shaders/Private/Nanite/NaniteRasterizer.usf" 2674
"../../../Engine/Shaders/Private/Nanite/NaniteRasterizationCommon.ush" 2675
"../../../Engine/Shaders/Private/Nanite/NaniteRasterizer.ush" 2676
"../../../Engine/Shaders/Private/Nanite/NaniteWritePixel.ush" 2677
"../../../Engine/Shaders/Private/Nanite/NaniteTessellation.ush" 2678
"../../../Engine/Shaders/Private/WorkDistribution.ush" 2679
"../../../Engine/Shaders/Private/Nanite/NaniteDice.ush" 2680
"../../../Engine/Shaders/Private/ShaderBundleWorkGraphCommon.ush" 2681
"../../../Engine/Shaders/Public/RootConstants.ush" 2682
"../../../Engine/Shaders/Public/Platform/D3D/D3DRootConstants.ush" 2683
"../../../Engine/Shaders/Private/Nanite/NaniteSplit.usf" 2684
"../../../Engine/Shaders/Private/Nanite/NaniteRasterBinning.usf" 2685
"../../../Engine/Shaders/Private/Nanite/NaniteInstanceCulling.usf" 2686
"../../../Engine/Shaders/Private/Nanite/NaniteImposter.ush" 2687
"../../../Engine/Shaders/Private/Nanite/NaniteInstanceHierarchyCulling.usf" 2688
"../../../Engine/Shaders/Private/Nanite/NanitePrimitiveFilter.usf" 2689
"../../../Engine/Shaders/Private/Nanite/NaniteRasterClear.usf" 2690
"../../../Engine/Shaders/Private/Nanite/NaniteDepthExport.usf" 2691
"../../../Engine/Shaders/Private/Nanite/NaniteEmitShadow.usf" 2692
"../../../Engine/Shaders/Private/MobileDeferredUtils.usf" 2693
"../../../Engine/Shaders/Private/MobileLocalLightsBuffer.usf" 2694
"../../../Engine/Shaders/Private/MobileFog.usf" 2695
"../../../Engine/Shaders/Private/DistortApplyScreenPS.usf" 2696
"../../../Engine/Shaders/Private/MobileDeferredShading.usf" 2697
"../../../Engine/Shaders/Private/MobileBasePassPixelShader.usf" 2698
"../../../Engine/Shaders/Private/MobileBasePassCommon.ush" 2699
"../../../Engine/Shaders/Private/BasePassCommon.ush" 2700
"../../../Engine/Shaders/Private/ShadingModelsMaterial.ush" 2701
"../../../Engine/Shaders/Private/ThinTranslucentCommon.ush" 2702
"../../../Engine/Shaders/Private/SingleLayerWaterShading.ush" 2703
"../../../Engine/Shaders/Private/DistortionCommon.ush" 2704
"../../../Engine/Shaders/Private/Substrate/SubstrateMobileForwardLighting.ush" 2705
"../../../Engine/Shaders/Private/MobileBasePassVertexShader.usf" 2706
"../../../Engine/Shaders/Private/MeshEdges.usf" 2707
"../../../Engine/Shaders/Private/MegaLights/MegaLightsVSMTracing.usf" 2708
"../../../Engine/Shaders/Private/MegaLights/MegaLights.ush" 2709
"../../../Engine/Shaders/Private/Lumen/LumenPosition.ush" 2710
"../../../Engine/Shaders/Private/MegaLights/MegaLightsRayTracing.ush" 2711
"../../../Engine/Shaders/Private/MegaLights/MegaLightsRayTracing.usf" 2712
"../../../Engine/Shaders/Private/DistanceField/GlobalDistanceFieldUtils.ush" 2713
"../../../Engine/Shaders/Private/Lumen/LumenScreenTracing.ush" 2714
"../../../Engine/Shaders/Private/MegaLights/MegaLightsVolumeRayTracing.usf" 2715
"../../../Engine/Shaders/Private/MegaLights/MegaLightsVolume.ush" 2716
"../../../Engine/Shaders/Private/MegaLights/MegaLightsVolumeHardwareRayTracing.usf" 2717
"../../../Engine/Shaders/Private/Lumen/LumenHardwareRayTracingCommon.ush" 2718
"../../../Engine/Shaders/Private/RayTracing/RayTracingReflectionEnvironment.ush" 2719
"../../../Engine/Shaders/Private/Lumen/LumenHardwareRayTracingPlatformCommon.ush" 2720
"../../../Engine/Shaders/Private/Lumen/LumenReflectionsCombine.ush" 2721
"../../../Engine/Shaders/Private/Lumen/LumenTracingCommon.ush" 2722
"../../../Engine/Shaders/Private/Lumen/SurfaceCache/LumenSurfaceCacheSampling.ush" 2723
"../../../Engine/Shaders/Private/Lumen/SurfaceCache/LumenSurfaceCache.ush" 2724
"../../../Engine/Shaders/Private/Lumen/LumenCardCommon.ush" 2725
"../../../Engine/Shaders/Private/Lumen/LumenCardTileShadowDownsampleFactor.ush" 2726
"../../../Engine/Shaders/Private/MegaLights/MegaLightsHardwareRayTracing.usf" 2727
"../../../Engine/Shaders/Private/MegaLights/MegaLightsFilterVisibleLightHash.usf" 2728
"../../../Engine/Shaders/Private/MegaLights/MegaLightsDenoiserSpatial.usf" 2729
"../../../Engine/Shaders/Private/MegaLights/MegaLightsShading.ush" 2730
"../../../Engine/Shaders/Private/Lumen/LumenReflectionDenoiserCommon.ush" 2731
"../../../Engine/Shaders/Private/MegaLights/MegaLightsDenoiserTemporal.usf" 2732
"../../../Engine/Shaders/Private/MegaLights/MegaLightsShading.usf" 2733
"../../../Engine/Shaders/Private/MegaLights/MegaLightsVolumeShading.usf" 2734
"../../../Engine/Shaders/Private/MegaLights/MegaLightsVisibleLightHash.usf" 2735
"../../../Engine/Shaders/Private/MegaLights/MegaLightsSampling.usf" 2736
"../../../Engine/Shaders/Private/MegaLights/MegaLightsVolumeSampling.usf" 2737
"../../../Engine/Shaders/Private/MegaLights/MegaLights.usf" 2738
"../../../Engine/Shaders/Private/Lumen/LumenVisualizeRadianceCache.usf" 2739
"../../../Engine/Shaders/Private/Lumen/LumenRadianceCacheCommon.ush" 2740
"../../../Engine/Shaders/Private/Lumen/LumenVisualizeHardwareRayTracing.usf" 2741
"../../../Engine/Shaders/Private/Lumen/LumenVisualize.ush" 2742
"../../../Engine/Shaders/Private/Lumen/LumenHairTracing.ush" 2743
"../../../Engine/Shaders/Private/Lumen/LumenVisualize.usf" 2744
"../../../Engine/Shaders/Private/Lumen/LumenSoftwareRayTracing.ush" 2745
"../../../Engine/Shaders/Private/DistanceField/GlobalDistanceFieldObjectGrid.ush" 2746
"../../../Engine/Shaders/Private/DistanceFieldLightingShared.ush" 2747
"../../../Engine/Shaders/Private/Lumen/LumenVisualizeTraces.ush" 2748
"../../../Engine/Shaders/Private/Lumen/LumenTranslucencyVolumeLighting.usf" 2749
"../../../Engine/Shaders/Private/Lumen/LumenRadianceCacheMarkCommon.ush" 2750
"../../../Engine/Shaders/Private/Lumen/LumenTranslucencyVolumeLightingShared.ush" 2751
"../../../Engine/Shaders/Private/Lumen/LumenScreenProbeCommon.ush" 2752
"../../../Engine/Shaders/Private/RayTracing/RayGenUtils.ush" 2753
"../../../Engine/Shaders/Private/Lumen/LumenRadianceCacheTracingCommon.ush" 2754
"../../../Engine/Shaders/Private/Lumen/LumenTranslucencyVolumeHardwareRayTracing.usf" 2755
"../../../Engine/Shaders/Private/Lumen/LumenTranslucencyRadianceCacheMarkShaders.usf" 2756
"../../../Engine/Shaders/Private/Lumen/SurfaceCache/LumenSurfaceCacheFeedback.usf" 2757
"../../../Engine/Shaders/Private/Lumen/SurfaceCache/LumenSurfaceCache.usf" 2758
"../../../Engine/Shaders/Private/Lumen/LumenShortRangeAOHardwareRayTracing.usf" 2759
"../../../Engine/Shaders/Private/Lumen/LumenScreenSpaceBentNormal.usf" 2760
"../../../Engine/Shaders/Private/Lumen/LumenScreenProbeTracing.usf" 2761
"../../../Engine/Shaders/Private/Lumen/LumenScreenProbeTracingCommon.ush" 2762
"../../../Engine/Shaders/Private/Lumen/LumenFloatQuantization.ush" 2763
"../../../Engine/Shaders/Private/Lumen/LumenScreenProbeImportanceSampling.usf" 2764
"../../../Engine/Shaders/Private/Lumen/LumenScreenProbeImportanceSamplingShared.ush" 2765
"../../../Engine/Shaders/Private/Lumen/LumenScreenProbeHardwareRayTracing.usf" 2766
"../../../Engine/Shaders/Private/Lumen/LumenScreenProbeGather.usf" 2767
"../../../Engine/Shaders/Private/Lumen/LumenScreenSpaceBentNormal.ush" 2768
"../../../Engine/Shaders/Private/Lumen/LumenScreenProbeLightSampling.usf" 2769
"../../../Engine/Shaders/Private/Lumen/LumenScreenProbeFiltering.usf" 2770
"../../../Engine/Shaders/Private/Lumen/LumenSceneLighting.usf" 2771
"../../../Engine/Shaders/Private/Lumen/LumenCardTile.ush" 2772
"../../../Engine/Shaders/Private/Lumen/LumenSceneLighting.ush" 2773
"../../../Engine/Shaders/Private/Lumen/Radiosity/LumenRadiosity.ush" 2774
"../../../Engine/Shaders/Private/Lumen/LumenSceneLightingDebug.usf" 2775
"../../../Engine/Shaders/Private/Lumen/LumenScene.usf" 2776
"../../../Engine/Shaders/Private/Lumen/LumenSceneDirectLightingHardwareRayTracing.usf" 2777
"../../../Engine/Shaders/Private/Lumen/LumenReflectionCommon.ush" 2778
"../../../Engine/Shaders/Private/Lumen/LumenSceneDirectLighting.ush" 2779
"../../../Engine/Shaders/Private/Lumen/LumenSceneDebugHardwareRayTracing.usf" 2780
"../../../Engine/Shaders/Private/Lumen/LumenSceneDirectLightingStochastic.usf" 2781
"../../../Engine/Shaders/Private/Lumen/LumenSceneDirectLightingSoftwareRayTracing.usf" 2782
"../../../Engine/Shaders/Private/DistanceFieldShadowingShared.ush" 2783
"../../../Engine/Shaders/Private/Lumen/LumenSceneDirectLightingPerLightShadowCommon.ush" 2784
"../../../Engine/Shaders/Private/Lumen/LumenSceneDirectLightingShadowMask.usf" 2785
"../../../Engine/Shaders/Private/Lumen/LumenSceneDirectLighting.usf" 2786
"../../../Engine/Shaders/Private/Lumen/LumenSceneDirectLightingCulling.usf" 2787
"../../../Engine/Shaders/Private/Lumen/LumenCardComputeShader.usf" 2788
"../../../Engine/Shaders/Private/Lumen/LumenCardPixelShader.usf" 2789
"../../../Engine/Shaders/Private/Lumen/LumenCardVertexShader.usf" 2790
"../../../Engine/Shaders/Private/Lumen/LumenReSTIRGather.usf" 2791
"../../../Engine/Shaders/Private/Lumen/LumenReflectionTracing.usf" 2792
"../../../Engine/Shaders/Private/Lumen/LumenReflectionDenoiserSpatial.usf" 2793
"../../../Engine/Shaders/Private/Lumen/LumenReflectionDenoiserClear.usf" 2794
"../../../Engine/Shaders/Private/Lumen/LumenReflectionDenoiserTemporal.usf" 2795
"../../../Engine/Shaders/Private/Lumen/LumenReflectionResolve.usf" 2796
"../../../Engine/Shaders/Private/Lumen/LumenReflections.usf" 2797
"../../../Engine/Shaders/Private/Lumen/LumenReflectionHardwareRayTracing.usf" 2798
"../../../Engine/Shaders/Private/Lumen/Radiosity/LumenVisualizeRadiosityProbes.usf" 2799
"../../../Engine/Shaders/Private/Lumen/Radiosity/LumenRadiosity.usf" 2800
"../../../Engine/Shaders/Private/Lumen/Radiosity/LumenRadiosityHardwareRayTracing.usf" 2801
"../../../Engine/Shaders/Private/Lumen/Radiosity/LumenRadiosityCulling.usf" 2802
"../../../Engine/Shaders/Private/Lumen/LumenRadianceCacheHardwareRayTracing.usf" 2803
"../../../Engine/Shaders/Private/Lumen/LumenRadianceCache.usf" 2804
"../../../Engine/Shaders/Private/Lumen/LumenRadianceCacheUpdate.ush" 2805
"../../../Engine/Shaders/Private/Lumen/LumenRadianceCacheDebug.usf" 2806
"../../../Engine/Shaders/Private/Lumen/LumenRadianceCacheUpdate.usf" 2807
"../../../Engine/Shaders/Private/Lumen/LumenMeshSDFCulling.usf" 2808
"../../../Engine/Shaders/Private/HybridIndirectLighting.ush" 2809
"../../../Engine/Shaders/Private/MeshDistanceFieldCommon.ush" 2810
"../../../Engine/Shaders/Private/Lumen/LumenIrradianceFieldGather.usf" 2811
"../../../Engine/Shaders/Private/Lumen/LumenHardwareRayTracingMaterials.usf" 2812
"../../../Engine/Shaders/Private/Lumen/LumenFrontLayerTranslucency.usf" 2813
"../../../Engine/Shaders/Private/LocalFogVolumes/LocalFogVolumeSplat.usf" 2814
"../../../Engine/Shaders/Private/LocalFogVolumes/LocalFogVolumeTiledCulling.usf" 2815
"../../../Engine/Shaders/Private/LightShaftShader.usf" 2816
"../../../Engine/Shaders/Private/StationaryLightOverlapShaders.usf" 2817
"../../../Engine/Shaders/Private/DeferredLightPixelShaders.usf" 2818
"../../../Engine/Shaders/Private/HairStrands/HairStrandsVisibilityUtils.ush" 2819
"../../../Engine/Shaders/Private/DeferredLightVertexShaders.usf" 2820
"../../../Engine/Shaders/Private/LightMapDensityShader.usf" 2821
"../../../Engine/Shaders/Private/LightGridInjection.usf" 2822
"../../../Engine/Shaders/Shared/LightGridDefinitions.h" 2823
"../../../Engine/Shaders/Private/LightFunctionPixelShader.usf" 2824
"../../../Engine/Shaders/Private/LightFunctionVertexShader.usf" 2825
"../../../Engine/Shaders/Private/LightFunctionAtlas/LightFunctionAtlasRender.usf" 2826
"../../../Engine/Shaders/Private/InstanceCulling/InstanceCullingOcclusionQuery.usf" 2827
"../../../Engine/Shaders/Private/InstanceCulling/InstanceCullingSetup.ush" 2828
"../../../Engine/Shaders/Private/InstanceCulling/BuildInstanceDrawCommands.usf" 2829
"../../../Engine/Shaders/Private/InstanceCulling/InstanceCompactionCommon.ush" 2830
"../../../Engine/Shaders/Private/SceneDataMobileWriter.ush" 2831
"../../../Engine/Shaders/Private/InstanceCulling/CompactVisibleInstances.usf" 2832
"../../../Engine/Shaders/Private/ReflectionEnvironmentPixelShader.usf" 2833
"../../../Engine/Shaders/Private/AmbientCubemapComposite.usf" 2834
"../../../Engine/Shaders/Private/DiffuseIndirectComposite.usf" 2835
"../../../Engine/Shaders/Private/IESAtlas.usf" 2836
"../../../Engine/Shaders/Private/HeterogeneousVolumes/HeterogeneousVolumesVoxelGridShadows.usf" 2837
"../../../Engine/Shaders/Private/HeterogeneousVolumes/HeterogeneousVolumesStochasticFiltering.ush" 2838
"../../../Engine/Shaders/Private/HeterogeneousVolumes/HeterogeneousVolumesVoxelGridRenderingUtils.ush" 2839
"../../../Engine/Shaders/Private/HeterogeneousVolumes/HeterogeneousVolumesLightingUtils.ush" 2840
"../../../Engine/Shaders/Private/HeterogeneousVolumes/HeterogeneousVolumesVoxelGridRendering.usf" 2841
"../../../Engine/Shaders/Private/HeterogeneousVolumes/HeterogeneousVolumesVoxelGridPipeline.usf" 2842
"../../../Engine/Shaders/Private/HeterogeneousVolumes/HeterogeneousVolumesMaterialBakingPipeline.usf" 2843
"../../../Engine/Shaders/Private/HeterogeneousVolumes/HeterogeneousVolumesLiveShadingUtils.ush" 2844
"../../../Engine/Shaders/Private/HeterogeneousVolumes/HeterogeneousVolumesFrustumVoxelGrid.usf" 2845
"../../../Engine/Shaders/Private/HeterogeneousVolumes/HeterogeneousVolumesSparseVoxelPipeline.usf" 2846
"../../../Engine/Shaders/Private/HeterogeneousVolumes/HeterogeneousVolumesSparseVoxelUtils.ush" 2847
"../../../Engine/Shaders/Private/HeterogeneousVolumes/HeterogeneousVolumesSparseVoxelUniformBufferUtils.ush" 2848
"../../../Engine/Shaders/Private/HeterogeneousVolumes/HeterogeneousVolumesPreshadingPipeline.usf" 2849
"../../../Engine/Shaders/Private/HeterogeneousVolumes/HeterogeneousVolumesLiveShadingShadows.usf" 2850
"../../../Engine/Shaders/Private/HeterogeneousVolumes/HeterogeneousVolumesLiveShadingGlobalPipeline.usf" 2851
"../../../Engine/Shaders/Private/HeterogeneousVolumes/HeterogeneousVolumesLiveShadingPipeline.usf" 2852
"../../../Engine/Shaders/Private/HeterogeneousVolumes/HeterogeneousVolumesHardwareRayTracing.usf" 2853
"../../../Engine/Shaders/Private/HeterogeneousVolumes/HeterogeneousVolumesAmbientOcclusionPipeline.usf" 2854
"../../../Engine/Shaders/Private/HeterogeneousVolumes/HeterogeneousVolumesComposite.usf" 2855
"../../../Engine/Shaders/Private/HdrCustomResolveShaders.usf" 2856
"../../../Engine/Shaders/Private/HairStrands/HairStrandsVoxelRasterCompute.usf" 2857
"../../../Engine/Shaders/Private/HairStrands/HairStrandsHitProxy.usf" 2858
"../../../Engine/Shaders/Private/HairStrands/HairStrandsVisibilityRasterComputeNaive.usf" 2859
"../../../Engine/Shaders/Private/HairStrands/HairStrandsVisibilityRasterHW.usf" 2860
"../../../Engine/Shaders/Private/HairStrands/HairStrandsVisibilityRasterCompute.usf" 2861
"../../../Engine/Shaders/Private/HairStrands/HairStrandsVisibilityRasterClassification.usf" 2862
"../../../Engine/Shaders/Private/HairStrands/HairStrandsCoverage.usf" 2863
"../../../Engine/Shaders/Private/HairStrands/HairStrandsVisibilityDepthPS.usf" 2864
"../../../Engine/Shaders/Private/HairStrands/HairStrandsVisibilityTransmittanceDepthPS.usf" 2865
"../../../Engine/Shaders/Private/HairStrands/HairStrandsVisibilityFillOpaqueDepthPS.usf" 2866
"../../../Engine/Shaders/Private/HairStrands/HairStrandsVisibilityCompactionComputeRaster.usf" 2867
"../../../Engine/Shaders/Private/HairStrands/HairStrandsVisibilityCompaction.usf" 2868
"../../../Engine/Shaders/Private/HairStrands/HairStrandsVisibilityCopyIndirectArg.usf" 2869
"../../../Engine/Shaders/Private/HairStrands/HairStrandsVisibilityClearPS.usf" 2870
"../../../Engine/Shaders/Private/HairStrands/HairStrandsVisibilityPS.usf" 2871
"../../../Engine/Shaders/Private/HairStrands/HairStrandsVisibilityVS.usf" 2872
"../../../Engine/Shaders/Private/HairStrands/HairStrandsVelocity.usf" 2873
"../../../Engine/Shaders/Private/HairStrands/HairStrandsVisibilityComputeSampleCoverage.usf" 2874
"../../../Engine/Shaders/Private/HairStrands/HairStrandsMaterialPS.usf" 2875
"../../../Engine/Shaders/Private/HairStrands/HairStrandsMaterialCommon.ush" 2876
"../../../Engine/Shaders/Private/HairStrands/HairStrandsMaterialVS.usf" 2877
"../../../Engine/Shaders/Private/HairStrands/HairStrandsLightSample.usf" 2878
"../../../Engine/Shaders/Private/HairStrands/HairStrandsDeepShadowMask.usf" 2879
"../../../Engine/Shaders/Private/HairStrands/HairStrandsDeepTransmittanceMask.usf" 2880
"../../../Engine/Shaders/Private/HairStrands/HairStrandsVisibilityTile.usf" 2881
"../../../Engine/Shaders/Private/HairStrands/HairStrandsDeepShadowPS.usf" 2882
"../../../Engine/Shaders/Private/HairStrands/HairStrandsDeepShadowVS.usf" 2883
"../../../Engine/Shaders/Private/HairStrands/HairStrandsAABB.usf" 2884
"../../../Engine/Shaders/Private/HairStrands/HairStrandsLUT.usf" 2885
"../../../Engine/Shaders/Private/HairStrands/HairStrandsForwardRaster.usf" 2886
"../../../Engine/Shaders/Private/HairStrands/HairStrandsForwardCulling.usf" 2887
"../../../Engine/Shaders/Private/HairStrands/HairStrandsEnvironmentLighting.usf" 2888
"../../../Engine/Shaders/Private/HairStrands/HairStrandsEnvironmentAO.usf" 2889
"../../../Engine/Shaders/Private/HairStrands/HairStrandsDeepShadowAllocation.usf" 2890
"../../../Engine/Shaders/Private/HairStrands/HairStrandsVoxelDebug.usf" 2891
"../../../Engine/Shaders/Private/HairStrands/HairStrandsComposition.usf" 2892
"../../../Engine/Shaders/Private/HairStrands/HairStrandsGBufferCommon.ush" 2893
"../../../Engine/Shaders/Private/GPUScene/GPUSceneDataManagement.usf" 2894
"../../../Engine/Shaders/Private/GPUSceneDebugRender.usf" 2895
"../../../Engine/Shaders/Private/GPUFastFourierTransform.usf" 2896
"../../../Engine/Shaders/Private/GPUFastFourierTransform2DCore.ush" 2897
"../../../Engine/Shaders/Private/GPUFastFourierTransformCore.ush" 2898
"../../../Engine/Shaders/Private/GPUBenchmark.usf" 2899
"../../../Engine/Shaders/Private/DistanceField/GlobalDistanceFieldDebug.usf" 2900
"../../../Engine/Shaders/Private/DistanceField/GlobalDistanceFieldUpdate.ush" 2901
"../../../Engine/Shaders/Private/DistanceField/GlobalDistanceFieldMip.usf" 2902
"../../../Engine/Shaders/Private/DistanceField/GlobalDistanceField.usf" 2903
"../../../Engine/Shaders/Private/DistanceField/GlobalDistanceFieldCompositeObjects.usf" 2904
"../../../Engine/Shaders/Private/DistanceField/GlobalDistanceFieldHeightfields.usf" 2905
"../../../Engine/Shaders/Private/HeightfieldLightingShared.ush" 2906
"../../../Engine/Shaders/Private/GenerateConservativeDepth.usf" 2907
"../../../Engine/Shaders/Private/HeightFogPixelShader.usf" 2908
"../../../Engine/Shaders/Private/HeightFogVertexShader.usf" 2909
"../../../Engine/Shaders/Private/DistortFiltering.usf" 2910
"../../../Engine/Shaders/Private/DistortAccumulatePS.usf" 2911
"../../../Engine/Shaders/Private/DistortAccumulateVS.usf" 2912
"../../../Engine/Shaders/Private/DistanceFieldVisualization.usf" 2913
"../../../Engine/Shaders/Private/DistanceFieldStreaming.usf" 2914
"../../../Engine/Shaders/Private/DistanceFieldShadowing.usf" 2915
"../../../Engine/Shaders/Private/DistanceFieldScreenGridLighting.usf" 2916
"../../../Engine/Shaders/Private/DistanceFieldObjectCulling.usf" 2917
"../../../Engine/Shaders/Private/DistanceFieldLightingPost.usf" 2918
"../../../Engine/Shaders/Private/DitheredTransitionStencil.usf" 2919
"../../../Engine/Shaders/Private/CopyDepthTextureCS.usf" 2920
"../../../Engine/Shaders/Private/DeferredDecal.usf" 2921
"../../../Engine/Shaders/Private/DecalCommon.ush" 2922
"../../../Engine/Shaders/Private/DebugViewModeVertexShader.usf" 2923
"../../../Engine/Shaders/Private/DebugViewModeCommon.ush" 2924
"../../../Engine/Shaders/Private/DebugViewModePixelShader.usf" 2925
"../../../Engine/Shaders/Private/DebugProbes.usf" 2926
"../../../Engine/Shaders/Private/MeshDecals.usf" 2927
"../../../Engine/Shaders/Private/PostProcessAmbientOcclusion.usf" 2928
"../../../Engine/Shaders/Private/ClusteredDeferredShadingPixelShader.usf" 2929
"../../../Engine/Shaders/Private/ClusteredDeferredShadingVertexShader.usf" 2930
"../../../Engine/Shaders/Private/CapsuleShadowShaders.usf" 2931
"../../../Engine/Shaders/Private/BasePassPixelShader.usf" 2932
"../../../Engine/Shaders/Private/ForwardLightingCommon.ush" 2933
"../../../Engine/Shaders/Private/Substrate/SubstrateForwardLighting.ush" 2934
"../../../Engine/Shaders/Private/ComputeShaderOutputCommon.ush" 2935
"../../../Engine/Shaders/Private/BasePassVertexShader.usf" 2936
"../../../Engine/Shaders/Private/BasePassVertexCommon.ush" 2937
"../../../Engine/Shaders/Private/SimpleElementVolumeTexturePreviewPixelShader.usf" 2938
"../../../Engine/Shaders/Private/SimpleElementTexture2DPreviewPixelShader.usf" 2939
"../../../Engine/Shaders/Private/meshpaintdilatepixelshader.usf" 2940
"../../../Engine/Shaders/Private/meshpaintdilatevertexshader.usf" 2941
"../../../Engine/Shaders/Private/MeshPaintPixelShader.usf" 2942
"../../../Engine/Shaders/Private/MeshPaintVertexShader.usf" 2943
"../../../Engine/Shaders/Private/SlateElementPixelShader.usf" 2944
"../../../Engine/Shaders/Private/SlateShaderCommon.ush" 2945
"../../../Engine/Shaders/Private/SlateMaskingShader.usf" 2946
"../../../Engine/Shaders/Private/SlateVertexShader.usf" 2947
"../../../Engine/Shaders/Private/CompositeUIPixelShader.usf" 2948
"../../../Engine/Shaders/Private/ColorDeficiency.ush" 2949
"../../../Engine/Shaders/Private/SlatePostProcessColorDeficiencyPixelShader.usf" 2950
"../../../Engine/Shaders/Private/SlatePostProcessPixelShader.usf" 2951
"../../../Engine/Shaders/Private/Tools/VisualizeTexture.usf" 2952
"../../../Engine/Shaders/Private/UpdateDescriptorHandle.usf" 2953
"../../../Engine/Shaders/Private/ByteBuffer.usf" 2954
"../../../Engine/Shaders/Private/ShaderBundleWorkGraphDispatch.usf" 2955
"../../../Engine/Shaders/Private/ShaderBundleDispatch.usf" 2956
"../../../Engine/Shaders/Private/ResolveVertexShader.usf" 2957
"../../../Engine/Shaders/Private/ResolvePixelShader.usf" 2958
"../../../Engine/Shaders/Private/Tools/SetupIndirectArgs.usf" 2959
"../../../Engine/Shaders/Private/ClearReplacementShaders.usf" 2960
"../../../Engine/Shaders/Private/Tools/DrawTexture.usf" 2961
"../../../Engine/Shaders/Private/RayTracing/RayTracingValidation.usf" 2962
"../../../Engine/Shaders/Private/RenderGraphUtilities.usf" 2963
"../../../Engine/Shaders/Private/OneColorShader.usf" 2964
"../../../Engine/Shaders/Private/OculusShaders.usf" 2965
"../../../Engine/Shaders/Private/MediaShaders.usf" 2966
"../../../Engine/Shaders/Private/GPUMessaging.usf" 2967
"../../../Engine/Shaders/Private/Tools/GPUDebugCrashUtils.usf" 2968
"../../../Engine/Shaders/Private/NullPixelShader.usf" 2969
"../../../Engine/Shaders/Private/ComputeGenerateMips.usf" 2970
"../../../Engine/Shaders/Private/Tools/DumpTexture.usf" 2971
"../../../Engine/Shaders/Private/CopyTextureShaders.usf" 2972
"../../../Engine/Shaders/Private/Tools/FullscreenVertexShader.usf" 2973
"../../../Engine/Shaders/Private/RayTracing/RayTracingDispatchDesc.usf" 2974
"../../../Engine/Shaders/Private/Bink.usf" 2975
"../../../Engine/Shaders/Private/VelocityShader.usf" 2976
"../../../Engine/Shaders/Private/DepthOnlyPixelShader.usf" 2977
"../../../Engine/Shaders/Private/PositionOnlyDepthVertexShader.usf" 2978
"../../../Engine/Shaders/Private/DepthOnlyVertexShader.usf" 2979
"../../../Engine/Shaders/Private/AnisotropyPassShader.usf" 2980
"/Engine/EditorResources/S_Actor" 2981
"../../../Engine/Content/EditorResources/S_Actor.uasset" 2982
"/Engine/EditorResources/S_BoxReflectionCapture" 2983
"../../../Engine/Content/EditorResources/S_BoxReflectionCapture.uasset" 2984
"/Engine/EngineResources/DefaultTexture" 2985
"../../../Engine/Content/EngineResources/DefaultTexture.uasset" 2986
"/Engine/EngineResources/DefaultTextureCube" 2987
"../../../Engine/Content/EngineResources/DefaultTextureCube.uasset" 2988
"/Engine/EngineResources/DefaultVolumeTexture" 2989
"../../../Engine/Content/EngineResources/DefaultVolumeTexture.uasset" 2990
"../../../Engine/Content/EngineResources/DefaultVolumeTexture2D.uasset" 2991
"/Engine/EngineFonts/RobotoDistanceField" 2992
"../../../Engine/Content/EngineFonts/RobotoDistanceField.uasset" 2993
"/Engine/EngineMaterials/DefaultTextMaterialOpaque" 2994
"../../../Engine/Content/EngineMaterials/DefaultTextMaterialOpaque.uasset" 2995
"/Engine/Functions/Engine_MaterialFunctions01/Shading/PowerToRoughness" 2996
"../../../Engine/Content/Functions/Engine_MaterialFunctions01/Shading/PowerToRoughness.uasset" 2997
"/Engine/Functions/Engine_MaterialFunctions01/Shading/ConvertFromDiffSpec" 2998
"../../../Engine/Content/Functions/Engine_MaterialFunctions01/Shading/ConvertFromDiffSpec.uasset" 2999
"/Engine/EngineMaterials/WorldGridMaterial" 3000
"../../../Engine/Content/EngineMaterials/WorldGridMaterial.uasset" 3001
"../../../Engine/Content/Functions/Engine_MaterialFunctions01/Opacity/CameraDepthFade.uasset" 3002
"../../../Engine/Content/EngineMaterials/T_Default_Material_Grid_M.uasset" 3003
"../../../Engine/Content/EngineMaterials/T_Default_Material_Grid_N.uasset" 3004
"/Engine/EngineMaterials/DefaultDeferredDecalMaterial" 3005
"../../../Engine/Content/EngineMaterials/DefaultDeferredDecalMaterial.uasset" 3006
"../../../Engine/Content/EngineMaterials/DefaultDiffuse.uasset" 3007
"/Engine/EngineMaterials/DefaultLightFunctionMaterial" 3008
"../../../Engine/Content/EngineMaterials/DefaultLightFunctionMaterial.uasset" 3009
"/Engine/EngineMaterials/DefaultPostProcessMaterial" 3010
"../../../Engine/Content/EngineMaterials/DefaultPostProcessMaterial.uasset" 3011
"../../../Engine/Content/Functions/Engine_MaterialFunctions02/Utility/BreakOutFloat2Components.uasset" 3012
"/Engine/EditorResources/S_Trigger" 3013
"../../../Engine/Content/EditorResources/S_Trigger.uasset" 3014
"/Engine/EditorResources/S_TriggerBox" 3015
"../../../Engine/Content/EditorResources/S_TriggerBox.uasset" 3016
"/Engine/EditorResources/S_TriggerCapsule" 3017
"../../../Engine/Content/EditorResources/S_TriggerCapsule.uasset" 3018
"/Engine/EditorResources/S_TriggerSphere" 3019
"../../../Engine/Content/EditorResources/S_TriggerSphere.uasset" 3020
"/Engine/EngineDamageTypes/DmgTypeBP_Environmental" 3021
"../../../Engine/Content/EngineDamageTypes/DmgTypeBP_Environmental.uasset" 3022
"/Engine/EngineSky/VolumetricClouds/m_SimpleVolumetricCloud_Inst" 3023
"../../../Engine/Content/EngineSky/VolumetricClouds/m_SimpleVolumetricCloud_Inst.uasset" 3024
"../../../Engine/Content/EngineSky/VolumetricClouds/m_SimpleVolumetricCloud.uasset" 3025
"../../../Engine/Content/Functions/Engine_MaterialFunctions01/Units/Km-to-Cm.uasset" 3026
"../../../Engine/Content/Functions/Engine_MaterialFunctions02/Utility/BreakOutFloat3Components.uasset" 3027
"../../../Engine/Content/Functions/Engine_MaterialFunctions02/Utility/BreakOutFloat4Components.uasset" 3028
"../../../Engine/Content/Functions/Engine_MaterialFunctions02/Utility/MakeFloat3.uasset" 3029
"../../../Engine/Content/Functions/Engine_MaterialFunctions02/Utility/MakeFloat4.uasset" 3030
"../../../Engine/Content/EngineSky/VolumetricClouds/T_CloudMask.uasset" 3031
"../../../Engine/Content/EngineSky/VolumetricClouds/T_CloudPattern.uasset" 3032
"../../../Engine/Content/EngineSky/VolumetricClouds/T_Profile_08.uasset" 3033
"../../../Engine/Content/EngineSky/VolumetricClouds/VT_Lightning.uasset" 3034
"../../../Engine/Content/EngineSky/VolumetricClouds/VT_PerlinWorley_Balanced.uasset" 3035
"/Engine/EngineMeshes/Sphere" 3036
"../../../Engine/Content/EngineMeshes/Sphere.uasset" 3037
"/Engine/EngineResources/WhiteSquareTexture" 3038
"../../../Engine/Content/EngineResources/WhiteSquareTexture.uasset" 3039
"/Engine/EngineResources/GradientTexture0" 3040
"../../../Engine/Content/EngineResources/GradientTexture0.uasset" 3041
"/Engine/EngineResources/Black" 3042
"../../../Engine/Content/EngineResources/Black.uasset" 3043
"/Engine/EngineMaterials/Widget3DPassThrough_Translucent" 3044
"../../../Engine/Content/EngineMaterials/Widget3DPassThrough_Translucent.uasset" 3045
"../../../Engine/Content/EngineMaterials/Widget3DPassThrough.uasset" 3046
"/Engine/EngineMaterials/Widget3DPassThrough_Translucent_OneSided" 3047
"../../../Engine/Content/EngineMaterials/Widget3DPassThrough_Translucent_OneSided.uasset" 3048
"/Engine/EngineMaterials/Widget3DPassThrough_Opaque" 3049
"../../../Engine/Content/EngineMaterials/Widget3DPassThrough_Opaque.uasset" 3050
"/Engine/EngineMaterials/Widget3DPassThrough_Opaque_OneSided" 3051
"../../../Engine/Content/EngineMaterials/Widget3DPassThrough_Opaque_OneSided.uasset" 3052
"/Engine/EngineMaterials/Widget3DPassThrough_Masked" 3053
"../../../Engine/Content/EngineMaterials/Widget3DPassThrough_Masked.uasset" 3054
"/Engine/EngineMaterials/Widget3DPassThrough_Masked_OneSided" 3055
"../../../Engine/Content/EngineMaterials/Widget3DPassThrough_Masked_OneSided.uasset" 3056
"/Engine/VREditor/TransformGizmo/SM_Sequencer_Node" 3057
"../../../Engine/Content/VREditor/TransformGizmo/SM_Sequencer_Node.uasset" 3058
"../../../Engine/Content/VREditor/TransformGizmo/Main.uasset" 3059
"../../../Engine/Content/VREditor/TransformGizmo/Xray.uasset" 3060
"/Engine/EditorResources/S_Solver" 3061
"../../../Engine/Content/EditorResources/S_Solver.uasset" 3062
"/Engine/EngineDebugMaterials/VolumeToRender" 3063
"../../../Engine/Content/EngineDebugMaterials/VolumeToRender.uasset" 3064
"/Engine/EngineDebugMaterials/M_VolumeRenderSphereTracePP" 3065
"../../../Engine/Content/EngineDebugMaterials/M_VolumeRenderSphereTracePP.uasset" 3066
"../../../Engine/Content/Functions/Engine_MaterialFunctions02/Utility/CameraDirectionVector.uasset" 3067
"/Engine/VREditor/ViewportInteractionAssetContainerData" 3068
"../../../Engine/Content/VREditor/ViewportInteractionAssetContainerData.uasset" 3069
"../../../Engine/Content/VREditor/SnapGrid/SnapGridMaterial.uasset" 3070
"../../../Engine/Content/VREditor/TransformGizmo/TransformGizmoMaterial_Inst.uasset" 3071
"../../../Engine/Content/VREditor/TransformGizmo/TranslucentTransformGizmoMaterial_Inst.uasset" 3072
"../../../Engine/Content/VREditor/SnapGrid/SnapGridPlaneMesh.uasset" 3073
"../../../Engine/Content/VREditor/Sounds/UI/Drop_Item_From_ContentBrowser.uasset" 3074
"../../../Engine/Content/VREditor/Sounds/UI/Gizmo_Handle_Clicked.uasset" 3075
"../../../Engine/Content/VREditor/Sounds/UI/Object_PickUp.uasset" 3076
"../../../Engine/Content/VREditor/Sounds/UI/Object_Snaps_To_Another_Actor.uasset" 3077
"../../../Engine/Content/VREditor/Sounds/UI/Object_Snaps_To_Grid.uasset" 3078
"../../../Engine/Content/VREditor/Sounds/UI/Scaling_Down.uasset" 3079
"../../../Engine/Content/VREditor/Sounds/UI/Scaling_Up.uasset" 3080
"../../../Engine/Content/VREditor/Sounds/UI/Selection_Changes.uasset" 3081
"../../../Engine/Content/VREditor/TransformGizmo/PlaneTranslationHandle.uasset" 3082
"../../../Engine/Content/VREditor/TransformGizmo/RotationHandleFull.uasset" 3083
"../../../Engine/Content/VREditor/TransformGizmo/RotationHandleIndicator.uasset" 3084
"../../../Engine/Content/VREditor/TransformGizmo/RotationHandleQuarter.uasset" 3085
"../../../Engine/Content/VREditor/TransformGizmo/StartRotationHandleIndicator.uasset" 3086
"../../../Engine/Content/VREditor/TransformGizmo/TransformGizmoFreeRotation.uasset" 3087
"../../../Engine/Content/VREditor/TransformGizmo/TranslateArrowHandle.uasset" 3088
"../../../Engine/Content/VREditor/TransformGizmo/UniformScaleHandle.uasset" 3089
"../../../Engine/Content/Functions/Engine_MaterialFunctions02/Math/Transform3x3Matrix.uasset" 3090
"../../../Engine/Content/Functions/Engine_MaterialFunctions02/SplitComponents.uasset" 3091
"../../../Engine/Content/VREditor/TransformGizmo/TransformGizmoMaterial.uasset" 3092
"../../../Engine/Content/VREditor/TransformGizmo/TranslucentTransformGizmoMaterial.uasset" 3093
"../../../Engine/Content/VREditor/LaserPointer/VR_LaserPower_01.uasset" 3094
"/Engine/VREditor/TransformGizmo/BoundingBoxCorner" 3095
"../../../Engine/Content/VREditor/TransformGizmo/BoundingBoxCorner.uasset" 3096
"/Engine/VREditor/TransformGizmo/BoundingBoxEdge" 3097
"../../../Engine/Content/VREditor/TransformGizmo/BoundingBoxEdge.uasset" 3098
"/Engine/EditorMeshes/Camera/SM_CraneRig_Base" 3099
"../../../Engine/Content/EditorMeshes/Camera/SM_CraneRig_Base.uasset" 3100
"../../../Engine/Content/EditorMaterials/Camera/MI_CineMat_Rig.uasset" 3101
"../../../Engine/Content/EditorMaterials/Camera/CineMat.uasset" 3102
"/Engine/EditorMeshes/Camera/SM_CraneRig_Arm" 3103
"../../../Engine/Content/EditorMeshes/Camera/SM_CraneRig_Arm.uasset" 3104
"/Engine/EditorMeshes/Camera/SM_CraneRig_Mount" 3105
"../../../Engine/Content/EditorMeshes/Camera/SM_CraneRig_Mount.uasset" 3106
"/Engine/EditorMeshes/Camera/SM_CraneRig_Body" 3107
"../../../Engine/Content/EditorMeshes/Camera/SM_CraneRig_Body.uasset" 3108
"/Engine/EditorMeshes/Camera/SM_RailRig_Track" 3109
"../../../Engine/Content/EditorMeshes/Camera/SM_RailRig_Track.uasset" 3110
"/Engine/EditorMeshes/Camera/SM_RailRig_Mount" 3111
"../../../Engine/Content/EditorMeshes/Camera/SM_RailRig_Mount.uasset" 3112
"/Engine/ArtTools/RenderToTexture/Meshes/S_1_Unit_Plane" 3113
"../../../Engine/Content/ArtTools/RenderToTexture/Meshes/S_1_Unit_Plane.uasset" 3114
"/Engine/EngineDebugMaterials/M_SimpleUnlitTranslucent" 3115
"../../../Engine/Content/EngineDebugMaterials/M_SimpleUnlitTranslucent.uasset" 3116
"/Engine/EngineFonts/Roboto" 3117
"../../../Engine/Content/EngineFonts/Roboto.uasset" 3118
"../../../Engine/Content/EngineFonts/Faces/DroidSansFallback.uasset" 3119
"../../../Engine/Content/EngineFonts/Faces/RobotoBold.uasset" 3120
"../../../Engine/Content/EngineFonts/Faces/RobotoBoldItalic.uasset" 3121
"../../../Engine/Content/EngineFonts/Faces/RobotoItalic.uasset" 3122
"../../../Engine/Content/EngineFonts/Faces/RobotoLight.uasset" 3123
"../../../Engine/Content/EngineFonts/Faces/RobotoRegular.uasset" 3124
"/Engine/EditorMaterials/ParticleSystems/PSysThumbnail_NoImage" 3125
"../../../Engine/Content/EditorMaterials/ParticleSystems/PSysThumbnail_NoImage.uasset" 3126
"/Engine/EditorMaterials/ParticleSystems/PSysThumbnail_OOD" 3127
"../../../Engine/Content/EditorMaterials/ParticleSystems/PSysThumbnail_OOD.uasset" 3128
"/Engine/EditorLandscapeResources/SplineEditorMesh" 3129
"../../../Engine/Content/EditorLandscapeResources/SplineEditorMesh.uasset" 3130
"../../../Engine/Content/EditorLandscapeResources/SplineEditorMeshMat.uasset" 3131
"/Engine/EngineResources/LandscapeVisibilityLayerInfo" 3132
"../../../Engine/Content/EngineResources/LandscapeVisibilityLayerInfo.uasset" 3133
"/HairStrands/Materials/HairDebugMaterial" 3134
"../../Plugins/Runtime/HairStrands/Content/Materials/HairDebugMaterial.uasset" 3135
"../../../Engine/Content/Functions/Engine_MaterialFunctions02/Utility/MakeFloat2.uasset" 3136
"../../../Engine/Content/EngineMaterials/HairColorMap.uasset" 3137
"../../../Engine/Content/EngineMaterials/HairDebugColor.uasset" 3138
"../../Plugins/Runtime/HairStrands/Content/Materials/HairGroupColors.uasset" 3139
"/HairStrands/Materials/HairDefaultMaterial" 3140
"../../Plugins/Runtime/HairStrands/Content/Materials/HairDefaultMaterial.uasset" 3141
"/HairStrands/Materials/HairCardsDefaultMaterial" 3142
"../../Plugins/Runtime/HairStrands/Content/Materials/HairCardsDefaultMaterial.uasset" 3143
"/HairStrands/Materials/HairMeshesDefaultMaterial" 3144
"../../Plugins/Runtime/HairStrands/Content/Materials/HairMeshesDefaultMaterial.uasset" 3145
"/ACLPlugin/ACLAnimBoneCompressionSettings" 3146
"../../Plugins/Animation/ACLPlugin/Content/ACLAnimBoneCompressionSettings.uasset" 3147
"/Engine/Animation/DefaultRecorderBoneCompression" 3148
"../../../Engine/Content/Animation/DefaultRecorderBoneCompression.uasset" 3149
"/ACLPlugin/ACLAnimCurveCompressionSettings" 3150
"../../Plugins/Animation/ACLPlugin/Content/ACLAnimCurveCompressionSettings.uasset" 3151
"/Engine/Animation/DefaultVariableFrameStrippingSettings" 3152
"../../../Engine/Content/Animation/DefaultVariableFrameStrippingSettings.uasset" 3153
"/AudioWidgets/AudioMaterialSlate/MI_AudioMaterialToggleButton" 3154
"../../Plugins/Runtime/AudioWidgets/Content/AudioMaterialSlate/MI_AudioMaterialToggleButton.uasset" 3155
"../../Plugins/Runtime/AudioWidgets/Content/AudioMaterialSlate/M_AudioMaterialToggleButton.uasset" 3156
"../../Plugins/Runtime/AudioWidgets/Content/AudioMaterialSlate/Functions/MF_AngleGradient.uasset" 3157
"../../Plugins/Runtime/AudioWidgets/Content/AudioMaterialSlate/Functions/MF_SingleLine.uasset" 3158
"../../Plugins/Runtime/AudioWidgets/Content/AudioMaterialSlate/Functions/MF_SingleLine_Smooth.uasset" 3159
"../../../Engine/Content/Functions/Engine_MaterialFunctions01/Gradient/SphereGradient-2D.uasset" 3160
"../../../Engine/Content/Functions/Engine_MaterialFunctions01/Texturing/ScaleUVsByCenter.uasset" 3161
"../../../Engine/Content/Functions/Engine_MaterialFunctions02/Texturing/CustomRotator.uasset" 3162
"/AudioWidgets/Resources/ScrubHandleDown_Clamped" 3163
"../../Plugins/Runtime/AudioWidgets/Content/Resources/ScrubHandleDown_Clamped.uasset" 3164
"/AudioWidgets/AudioMaterialSlate/MI_AudioMaterialKnob" 3165
"../../Plugins/Runtime/AudioWidgets/Content/AudioMaterialSlate/MI_AudioMaterialKnob.uasset" 3166
"../../Plugins/Runtime/AudioWidgets/Content/AudioMaterialSlate/M_AudioMaterialKnob.uasset" 3167
"../../../Engine/Content/Functions/Engine_MaterialFunctions02/Lerp_3Color.uasset" 3168
"/AudioWidgets/AudioMaterialSlate/MI_AudioMaterialMeter" 3169
"../../Plugins/Runtime/AudioWidgets/Content/AudioMaterialSlate/MI_AudioMaterialMeter.uasset" 3170
"../../Plugins/Runtime/AudioWidgets/Content/AudioMaterialSlate/M_AudioMaterialMeter.uasset" 3171
"../../Plugins/Runtime/AudioWidgets/Content/AudioMaterialSlate/Functions/MF_Lines.uasset" 3172
"/AudioWidgets/AudioMaterialSlate/MI_AudioMaterialEnvelope_ADSR" 3173
"../../Plugins/Runtime/AudioWidgets/Content/AudioMaterialSlate/MI_AudioMaterialEnvelope_ADSR.uasset" 3174
"../../Plugins/Runtime/AudioWidgets/Content/AudioMaterialSlate/M_AudioMaterialEnvelope_ADSR.uasset" 3175
"../../Plugins/Runtime/AudioWidgets/Content/AudioMaterialSlate/Functions/MF_DotOutlined.uasset" 3176
"../../../Engine/Content/Functions/Engine_MaterialFunctions01/Gradient/GeneratedRoundRect.uasset" 3177
"../../../Engine/Content/Functions/Engine_MaterialFunctions02/Utility/VectorLength.uasset" 3178
"/AudioWidgets/AudioMaterialSlate/MI_AudioMaterialRoundedSlider" 3179
"../../Plugins/Runtime/AudioWidgets/Content/AudioMaterialSlate/MI_AudioMaterialRoundedSlider.uasset" 3180
"../../Plugins/Runtime/AudioWidgets/Content/AudioMaterialSlate/M_AudioMaterialRoundedSlider.uasset" 3181
"/Paper2D/MaskedUnlitSpriteMaterial" 3182
"../../Plugins/2D/Paper2D/Content/MaskedUnlitSpriteMaterial.uasset" 3183
"../../Plugins/2D/Paper2D/Content/DefaultSpriteMaterial.uasset" 3184
"../../Plugins/2D/Paper2D/Content/PlaceholderTextures/DummySpriteTexture.uasset" 3185
"/Paper2D/OpaqueUnlitSpriteMaterial" 3186
"../../Plugins/2D/Paper2D/Content/OpaqueUnlitSpriteMaterial.uasset" 3187
"/Paper2D/DefaultPaperTerrainMaterial" 3188
"../../Plugins/2D/Paper2D/Content/DefaultPaperTerrainMaterial.uasset" 3189
"../../Plugins/2D/Paper2D/Content/DummySprite.uasset" 3190
"/ControlRig/Controls/ControlRigXRayMaterial" 3191
"../../Plugins/Animation/ControlRig/Content/Controls/ControlRigXRayMaterial.uasset" 3192
"/ControlRig/Controls/DefaultGizmoLibraryNormalized" 3193
"../../Plugins/Animation/ControlRig/Content/Controls/DefaultGizmoLibraryNormalized.uasset" 3194
"/ControlRig/M_Manip" 3195
"../../Plugins/Animation/ControlRig/Content/M_Manip.uasset" 3196
"../../../Engine/Content/Functions/Engine_MaterialFunctions02/WorldPositionOffset/CameraOffset.uasset" 3197
"/InterchangeAssets/gltf/MaterialBodies/MF_Default_Body" 3198
"../../Plugins/Interchange/Assets/Content/gltf/MaterialBodies/MF_Default_Body.uasset" 3199
"../../Plugins/Interchange/Assets/Content/gltf/MaterialFunctions/MF_BaseColor.uasset" 3200
"../../Plugins/Interchange/Assets/Content/gltf/MaterialFunctions/MF_Emissive.uasset" 3201
"../../Plugins/Interchange/Assets/Content/gltf/MaterialFunctions/MF_IOR.uasset" 3202
"../../Plugins/Interchange/Assets/Content/gltf/MaterialFunctions/MF_Iridescence.uasset" 3203
"../../Plugins/Interchange/Assets/Content/gltf/MaterialFunctions/MF_MetallicRoughness.uasset" 3204
"../../Plugins/Interchange/Assets/Content/gltf/MaterialFunctions/MF_Normals.uasset" 3205
"../../Plugins/Interchange/Assets/Content/gltf/MaterialFunctions/MF_Occlusion.uasset" 3206
"../../Plugins/Interchange/Assets/Content/gltf/MaterialFunctions/MF_ScaleNormal.uasset" 3207
"../../Plugins/Interchange/Assets/Content/gltf/MaterialFunctions/MF_Specular.uasset" 3208
"../../Plugins/Interchange/Assets/Content/gltf/MaterialFunctions/MF_SpecularAnisotropy.uasset" 3209
"../../Plugins/Interchange/Assets/Content/gltf/MaterialFunctions/MF_TransformUVs.uasset" 3210
"../../Plugins/Interchange/Assets/Content/gltf/Textures/T_Anisotropy_Direction_Linear.uasset" 3211
"../../Plugins/Interchange/Assets/Content/gltf/Textures/T_Generic_N.uasset" 3212
"../../Plugins/Interchange/Assets/Content/gltf/Textures/T_White_Linear.uasset" 3213
"../../Plugins/Interchange/Assets/Content/gltf/Textures/T_White_srgb.uasset" 3214
"../../Plugins/Interchange/Assets/Content/Functions/MF_Iridescence.uasset" 3215
"../../Plugins/Interchange/Assets/Content/gltf/MaterialFunctions/MF_RotateNormals_TS.uasset" 3216
"../../Plugins/Interchange/Assets/Content/gltf/MaterialFunctions/MF_RotateV2.uasset" 3217
"../../../Engine/Content/Functions/Engine_MaterialFunctions03/Math/RemapValueRange.uasset" 3218
"../../Plugins/Interchange/Assets/Content/Utilities/New_LUT.uasset" 3219
"/InterchangeAssets/gltf/MaterialBodies/MF_Unlit_Body" 3220
"../../Plugins/Interchange/Assets/Content/gltf/MaterialBodies/MF_Unlit_Body.uasset" 3221
"/InterchangeAssets/gltf/MaterialBodies/MF_ClearCoat_Body" 3222
"../../Plugins/Interchange/Assets/Content/gltf/MaterialBodies/MF_ClearCoat_Body.uasset" 3223
"../../Plugins/Interchange/Assets/Content/gltf/MaterialFunctions/MF_Clearcoat.uasset" 3224
"../../../Engine/Content/Functions/Engine_MaterialFunctions01/Texturing/FlattenNormal.uasset" 3225
"/InterchangeAssets/gltf/MaterialBodies/MF_Sheen_Body" 3226
"../../Plugins/Interchange/Assets/Content/gltf/MaterialBodies/MF_Sheen_Body.uasset" 3227
"../../Plugins/Interchange/Assets/Content/gltf/MaterialFunctions/MF_Sheen.uasset" 3228
"/InterchangeAssets/gltf/MaterialBodies/MF_Transmission_Body" 3229
"../../Plugins/Interchange/Assets/Content/gltf/MaterialBodies/MF_Transmission_Body.uasset" 3230
"../../Plugins/Interchange/Assets/Content/gltf/MaterialFunctions/MF_Fresnel_DS.uasset" 3231
"../../Plugins/Interchange/Assets/Content/gltf/MaterialFunctions/MF_Temporal_Blur.uasset" 3232
"../../Plugins/Interchange/Assets/Content/gltf/MaterialFunctions/MF_Transmission.uasset" 3233
"../../../Engine/Content/Functions/Engine_MaterialFunctions02/Texturing/ScreenAlignedPixelToPixelUVs.uasset" 3234
"../../../Engine/Content/EngineMaterials/Good64x64TilingNoiseHighFreq.uasset" 3235
"/InterchangeAssets/gltf/MaterialBodies/MF_SpecularGlossiness_Body" 3236
"../../Plugins/Interchange/Assets/Content/gltf/MaterialBodies/MF_SpecularGlossiness_Body.uasset" 3237
"../../Plugins/Interchange/Assets/Content/gltf/MaterialFunctions/MF_DiffuseSpecGloss.uasset" 3238
"../../Plugins/Interchange/Assets/Content/gltf/MaterialFunctions/MF_MaxComponentValue.uasset" 3239
"../../Plugins/Interchange/Assets/Content/gltf/MaterialFunctions/MF_SpecGlossToMetalRoughness.uasset" 3240
"../../Plugins/Interchange/Assets/Content/gltf/MaterialFunctions/MF_PerceivedBrightness.uasset" 3241
"../../../Engine/Content/Functions/Engine_MaterialFunctions02/Math/AddComponents.uasset" 3242
"/Game/ThirdPerson/Blueprints/BP_ThirdPersonCharacter" 3243
"../../../../../OneDrive - La Horde/B2/Quetes/Q7_Portal/Q7_Portal/Q7_Poral/Content/ThirdPerson/Blueprints/BP_ThirdPersonCharacter.uasset" 3244
"../../../../../OneDrive - La Horde/B2/Quetes/Q7_Portal/Q7_Portal/Q7_Poral/Content/Characters/Mannequins/Animations/ABP_Quinn.uasset" 3245
"../../../../../OneDrive - La Horde/B2/Quetes/Q7_Portal/Q7_Portal/Q7_Poral/Content/ThirdPerson/Input/Actions/IA_Jump.uasset" 3246
"../../../../../OneDrive - La Horde/B2/Quetes/Q7_Portal/Q7_Portal/Q7_Poral/Content/ThirdPerson/Input/Actions/IA_Look.uasset" 3247
"../../../../../OneDrive - La Horde/B2/Quetes/Q7_Portal/Q7_Portal/Q7_Poral/Content/ThirdPerson/Input/Actions/IA_Move.uasset" 3248
"../../../../../OneDrive - La Horde/B2/Quetes/Q7_Portal/Q7_Portal/Q7_Poral/Content/ThirdPerson/Input/IMC_Default.uasset" 3249
"../../../../../OneDrive - La Horde/B2/Quetes/Q7_Portal/Q7_Portal/Q7_Poral/Content/Characters/Mannequins/Meshes/SKM_Quinn_Simple.uasset" 3250
"../../../../../OneDrive - La Horde/B2/Quetes/Q7_Portal/Q7_Portal/Q7_Poral/Content/Characters/Mannequins/Animations/ABP_Manny.uasset" 3251
"../../../../../OneDrive - La Horde/B2/Quetes/Q7_Portal/Q7_Portal/Q7_Poral/Content/Characters/Mannequins/Animations/Quinn/MF_Idle.uasset" 3252
"../../../../../OneDrive - La Horde/B2/Quetes/Q7_Portal/Q7_Portal/Q7_Poral/Content/Characters/Mannequins/Animations/Quinn/BS_MF_Unarmed_WalkRun.uasset" 3253
"../../../../../OneDrive - La Horde/B2/Quetes/Q7_Portal/Q7_Portal/Q7_Poral/Content/Characters/Mannequins/Meshes/SK_Mannequin.uasset" 3254
"../../../../../OneDrive - La Horde/B2/Quetes/Q7_Portal/Q7_Portal/Q7_Poral/Content/Characters/Mannequins/Materials/Instances/Quinn/MI_Quinn_01.uasset" 3255
"../../../../../OneDrive - La Horde/B2/Quetes/Q7_Portal/Q7_Portal/Q7_Poral/Content/Characters/Mannequins/Materials/Instances/Quinn/MI_Quinn_02.uasset" 3256
"../../../../../OneDrive - La Horde/B2/Quetes/Q7_Portal/Q7_Portal/Q7_Poral/Content/Characters/Mannequins/Rigs/PA_Mannequin.uasset" 3257
"../../../../../OneDrive - La Horde/B2/Quetes/Q7_Portal/Q7_Portal/Q7_Poral/Content/Characters/Mannequins/Animations/Manny/MM_Fall_Loop.uasset" 3258
"../../../../../OneDrive - La Horde/B2/Quetes/Q7_Portal/Q7_Portal/Q7_Poral/Content/Characters/Mannequins/Animations/Manny/MM_Idle.uasset" 3259
"../../../../../OneDrive - La Horde/B2/Quetes/Q7_Portal/Q7_Portal/Q7_Poral/Content/Characters/Mannequins/Animations/Manny/MM_Jump.uasset" 3260
"../../../../../OneDrive - La Horde/B2/Quetes/Q7_Portal/Q7_Portal/Q7_Poral/Content/Characters/Mannequins/Animations/Manny/MM_Land.uasset" 3261
"../../../../../OneDrive - La Horde/B2/Quetes/Q7_Portal/Q7_Portal/Q7_Poral/Content/Characters/Mannequins/Animations/Manny/BS_MM_WalkRun.uasset" 3262
"../../../../../OneDrive - La Horde/B2/Quetes/Q7_Portal/Q7_Portal/Q7_Poral/Content/Characters/Mannequins/Rigs/CR_Mannequin_BasicFootIK.uasset" 3263
"../../../Engine/Content/Animation/DefaultAnimBoneCompressionSettings.uasset" 3264
"../../../Engine/Content/Animation/DefaultAnimCurveCompressionSettings.uasset" 3265
"../../../../../OneDrive - La Horde/B2/Quetes/Q7_Portal/Q7_Portal/Q7_Poral/Content/Characters/Mannequins/Animations/Manny/MM_Walk_InPlace.uasset" 3266
"../../../../../OneDrive - La Horde/B2/Quetes/Q7_Portal/Q7_Portal/Q7_Poral/Content/Characters/Mannequins/Animations/Quinn/MF_Run_Fwd.uasset" 3267
"../../../../../OneDrive - La Horde/B2/Quetes/Q7_Portal/Q7_Portal/Q7_Poral/Content/Characters/Mannequins/Animations/Quinn/MF_Walk_Fwd.uasset" 3268
"../../../../../OneDrive - La Horde/B2/Quetes/Q7_Portal/Q7_Portal/Q7_Poral/Content/Characters/Mannequins/Materials/M_Mannequin.uasset" 3269
"../../../../../OneDrive - La Horde/B2/Quetes/Q7_Portal/Q7_Portal/Q7_Poral/Content/Characters/Mannequins/Textures/Quinn/T_Quinn_01_ASAOMASK_MSK.uasset" 3270
"../../../../../OneDrive - La Horde/B2/Quetes/Q7_Portal/Q7_Portal/Q7_Poral/Content/Characters/Mannequins/Textures/Quinn/T_Quinn_01_CCRCCPlastic_MSK.uasset" 3271
"../../../../../OneDrive - La Horde/B2/Quetes/Q7_Portal/Q7_Portal/Q7_Poral/Content/Characters/Mannequins/Textures/Quinn/T_Quinn_01ID_BN.uasset" 3272
"../../../../../OneDrive - La Horde/B2/Quetes/Q7_Portal/Q7_Portal/Q7_Poral/Content/Characters/Mannequins/Textures/Quinn/T_Quinn_01ID_D.uasset" 3273
"../../../../../OneDrive - La Horde/B2/Quetes/Q7_Portal/Q7_Portal/Q7_Poral/Content/Characters/Mannequins/Textures/Quinn/T_Quinn_01ID_MSR_MSK.uasset" 3274
"../../../../../OneDrive - La Horde/B2/Quetes/Q7_Portal/Q7_Portal/Q7_Poral/Content/Characters/Mannequins/Textures/Quinn/T_Quinn_01ID_N.uasset" 3275
"../../../../../OneDrive - La Horde/B2/Quetes/Q7_Portal/Q7_Portal/Q7_Poral/Content/Characters/Mannequins/Textures/Quinn/T_Quinn_01ID_Tan.uasset" 3276
"../../../../../OneDrive - La Horde/B2/Quetes/Q7_Portal/Q7_Portal/Q7_Poral/Content/Characters/Mannequins/Textures/Quinn/T_Quinn_02_ASAOMASK_MSK.uasset" 3277
"../../../../../OneDrive - La Horde/B2/Quetes/Q7_Portal/Q7_Portal/Q7_Poral/Content/Characters/Mannequins/Textures/Quinn/T_Quinn_02_CCRCCPlastic_MSK.uasset" 3278
"../../../../../OneDrive - La Horde/B2/Quetes/Q7_Portal/Q7_Portal/Q7_Poral/Content/Characters/Mannequins/Textures/Quinn/T_Quinn_02ID_BN.uasset" 3279
"../../../../../OneDrive - La Horde/B2/Quetes/Q7_Portal/Q7_Portal/Q7_Poral/Content/Characters/Mannequins/Textures/Quinn/T_Quinn_02ID_D.uasset" 3280
"../../../../../OneDrive - La Horde/B2/Quetes/Q7_Portal/Q7_Portal/Q7_Poral/Content/Characters/Mannequins/Textures/Quinn/T_Quinn_02ID_MSR_MSK.uasset" 3281
"../../../../../OneDrive - La Horde/B2/Quetes/Q7_Portal/Q7_Portal/Q7_Poral/Content/Characters/Mannequins/Textures/Quinn/T_Quinn_02ID_N.uasset" 3282
"../../../../../OneDrive - La Horde/B2/Quetes/Q7_Portal/Q7_Portal/Q7_Poral/Content/Characters/Mannequins/Textures/Quinn/T_Quinn_02ID_Tan.uasset" 3283
"../../../../../OneDrive - La Horde/B2/Quetes/Q7_Portal/Q7_Portal/Q7_Poral/Content/Characters/Mannequins/Animations/Manny/MM_Run_Fwd.uasset" 3284
"../../../../../OneDrive - La Horde/B2/Quetes/Q7_Portal/Q7_Portal/Q7_Poral/Content/Characters/Mannequins/Animations/Manny/MM_Walk_Fwd.uasset" 3285
"../../Plugins/Animation/ControlRig/Content/Controls/DefaultGizmoLibrary.uasset" 3286
"../../../../../OneDrive - La Horde/B2/Quetes/Q7_Portal/Q7_Portal/Q7_Poral/Content/Characters/Mannequins/Materials/Functions/MF_Diffraction.uasset" 3287
"../../../../../OneDrive - La Horde/B2/Quetes/Q7_Portal/Q7_Portal/Q7_Poral/Content/Characters/Mannequins/Materials/Functions/MF_logo3layers.uasset" 3288
"../../../../../OneDrive - La Horde/B2/Quetes/Q7_Portal/Q7_Portal/Q7_Poral/Content/Characters/Mannequins/Materials/Functions/ML_BaseColorFallOff.uasset" 3289
"../../../../../OneDrive - La Horde/B2/Quetes/Q7_Portal/Q7_Portal/Q7_Poral/Content/Characters/Mannequins/Textures/Manny/T_Manny_01_ASAOPMASK_MSK.uasset" 3290
"../../../../../OneDrive - La Horde/B2/Quetes/Q7_Portal/Q7_Portal/Q7_Poral/Content/Characters/Mannequins/Textures/Manny/T_Manny_01_BN.uasset" 3291
"../../../../../OneDrive - La Horde/B2/Quetes/Q7_Portal/Q7_Portal/Q7_Poral/Content/Characters/Mannequins/Textures/Manny/T_Manny_01_CCRCCPlastic_MSK.uasset" 3292
"../../../../../OneDrive - La Horde/B2/Quetes/Q7_Portal/Q7_Portal/Q7_Poral/Content/Characters/Mannequins/Textures/Manny/T_Manny_01_D.uasset" 3293
"../../../../../OneDrive - La Horde/B2/Quetes/Q7_Portal/Q7_Portal/Q7_Poral/Content/Characters/Mannequins/Textures/Manny/T_Manny_01_MSR_MSK.uasset" 3294
"../../../../../OneDrive - La Horde/B2/Quetes/Q7_Portal/Q7_Portal/Q7_Poral/Content/Characters/Mannequins/Textures/Manny/T_Manny_01_N.uasset" 3295
"../../../../../OneDrive - La Horde/B2/Quetes/Q7_Portal/Q7_Portal/Q7_Poral/Content/Characters/Mannequins/Textures/Manny/T_Manny_01_Tan.uasset" 3296
"../../../../../OneDrive - La Horde/B2/Quetes/Q7_Portal/Q7_Portal/Q7_Poral/Content/Characters/Mannequins/Materials/Functions/ChromaticCurve.uasset" 3297
"../../../../../OneDrive - La Horde/B2/Quetes/Q7_Portal/Q7_Portal/Q7_Poral/Content/Characters/Mannequins/Materials/Functions/CA_Mannequin.uasset" 3298
"../../../../../OneDrive - La Horde/B2/Quetes/Q7_Portal/Q7_Portal/Q7_Poral/Content/Characters/Mannequins/Textures/Shared/T_UE_Logo_M.uasset" 3299
"../../../Engine/Intermediate/ProjectFiles/PrimaryProjectPath.txt" 3300
"/MediaPlate/SM_MediaPlateScreen" 3301
"../../Plugins/Media/MediaPlate/Content/SM_MediaPlateScreen.uasset" 3302
"D:/Unreal/UE_5.5/Engine/Binaries/ThirdParty/USD/UsdResources/Win64/plugins/plugInfo.json" 3303
"D:/Unreal/UE_5.5/Engine/Binaries/ThirdParty/USD/UsdResources/Win64/plugins/glf/resources/plugInfo.json" 3304
"D:/Unreal/UE_5.5/Engine/Binaries/ThirdParty/USD/UsdResources/Win64/plugins/usdAbc/resources/plugInfo.json" 3305
"D:/Unreal/UE_5.5/Engine/Binaries/ThirdParty/USD/UsdResources/Win64/plugins/ndr/resources/plugInfo.json" 3306
"D:/Unreal/UE_5.5/Engine/Binaries/ThirdParty/USD/UsdResources/Win64/plugins/usdGeom/resources/plugInfo.json" 3307
"D:/Unreal/UE_5.5/Engine/Binaries/ThirdParty/USD/UsdResources/Win64/plugins/usdMtlx/resources/plugInfo.json" 3308
"D:/Unreal/UE_5.5/Engine/Binaries/ThirdParty/USD/UsdResources/Win64/plugins/hdGp/resources/plugInfo.json" 3309
"D:/Unreal/UE_5.5/Engine/Binaries/ThirdParty/USD/UsdResources/Win64/plugins/hio/resources/plugInfo.json" 3310
"D:/Unreal/UE_5.5/Engine/Binaries/ThirdParty/USD/UsdResources/Win64/plugins/usdRender/resources/plugInfo.json" 3311
"D:/Unreal/UE_5.5/Engine/Binaries/ThirdParty/USD/UsdResources/Win64/plugins/sdf/resources/plugInfo.json" 3312
"D:/Unreal/UE_5.5/Engine/Binaries/ThirdParty/USD/UsdResources/Win64/plugins/usdImaging/resources/plugInfo.json" 3313
"D:/Unreal/UE_5.5/Engine/Binaries/ThirdParty/USD/UsdResources/Win64/plugins/usdShade/resources/plugInfo.json" 3314
"D:/Unreal/UE_5.5/Engine/Binaries/ThirdParty/USD/UsdResources/Win64/plugins/usdRi/resources/plugInfo.json" 3315
"D:/Unreal/UE_5.5/Engine/Binaries/ThirdParty/USD/UsdResources/Win64/plugins/usdProc/resources/plugInfo.json" 3316
"D:/Unreal/UE_5.5/Engine/Binaries/ThirdParty/USD/UsdResources/Win64/plugins/hd/resources/plugInfo.json" 3317
"D:/Unreal/UE_5.5/Engine/Binaries/ThirdParty/USD/UsdResources/Win64/plugins/unreal/resources/plugInfo.json" 3318
"D:/Unreal/UE_5.5/Engine/Binaries/ThirdParty/USD/UsdResources/Win64/plugins/hdStorm/resources/plugInfo.json" 3319
"D:/Unreal/UE_5.5/Engine/Binaries/ThirdParty/USD/UsdResources/Win64/plugins/usdMedia/resources/plugInfo.json" 3320
"D:/Unreal/UE_5.5/Engine/Binaries/ThirdParty/USD/UsdResources/Win64/plugins/usd/resources/plugInfo.json" 3321
"D:/Unreal/UE_5.5/Engine/Binaries/ThirdParty/USD/UsdResources/Win64/plugins/usdVolImaging/resources/plugInfo.json" 3322
"D:/Unreal/UE_5.5/Engine/Binaries/ThirdParty/USD/UsdResources/Win64/plugins/usdShaders/resources/plugInfo.json" 3323
"D:/Unreal/UE_5.5/Engine/Binaries/ThirdParty/USD/UsdResources/Win64/plugins/usdProcImaging/resources/plugInfo.json" 3324
"D:/Unreal/UE_5.5/Engine/Binaries/ThirdParty/USD/UsdResources/Win64/plugins/usdLux/resources/plugInfo.json" 3325
"D:/Unreal/UE_5.5/Engine/Binaries/ThirdParty/USD/UsdResources/Win64/plugins/hdx/resources/plugInfo.json" 3326
"D:/Unreal/UE_5.5/Engine/Binaries/ThirdParty/USD/UsdResources/Win64/plugins/usdHydra/resources/plugInfo.json" 3327
"D:/Unreal/UE_5.5/Engine/Binaries/ThirdParty/USD/UsdResources/Win64/plugins/usdSkel/resources/plugInfo.json" 3328
"D:/Unreal/UE_5.5/Engine/Binaries/ThirdParty/USD/UsdResources/Win64/plugins/usdSkelImaging/resources/plugInfo.json" 3329
"D:/Unreal/UE_5.5/Engine/Binaries/ThirdParty/USD/UsdResources/Win64/plugins/hdSt/resources/plugInfo.json" 3330
"D:/Unreal/UE_5.5/Engine/Binaries/ThirdParty/USD/UsdResources/Win64/plugins/usdUI/resources/plugInfo.json" 3331
"D:/Unreal/UE_5.5/Engine/Binaries/ThirdParty/USD/UsdResources/Win64/plugins/hgiGL/resources/plugInfo.json" 3332
"D:/Unreal/UE_5.5/Engine/Binaries/ThirdParty/USD/UsdResources/Win64/plugins/usdImagingGL/resources/plugInfo.json" 3333
"D:/Unreal/UE_5.5/Engine/Binaries/ThirdParty/USD/UsdResources/Win64/plugins/usdRiPxrImaging/resources/plugInfo.json" 3334
"D:/Unreal/UE_5.5/Engine/Binaries/ThirdParty/USD/UsdResources/Win64/plugins/sdrGlslfx/resources/plugInfo.json" 3335
"D:/Unreal/UE_5.5/Engine/Binaries/ThirdParty/USD/UsdResources/Win64/plugins/ar/resources/plugInfo.json" 3336
"D:/Unreal/UE_5.5/Engine/Binaries/ThirdParty/USD/UsdResources/Win64/plugins/usdPhysics/resources/plugInfo.json" 3337
"D:/Unreal/UE_5.5/Engine/Binaries/ThirdParty/USD/UsdResources/Win64/plugins/usdVol/resources/plugInfo.json" 3338
"D:/Unreal/UE_5.5/Engine/Binaries/ThirdParty/USD/UsdResources/Win64/plugins/usd/resources/codegenTemplates/plugInfo.json" 3339
"/SpeedTreeImporter/SpeedTree9/SpeedTreeMaster" 3340
"../../Plugins/Editor/SpeedTreeImporter/Content/SpeedTree9/SpeedTreeMaster.uasset" 3341
"../../../Engine/Content/Functions/Engine_MaterialFunctions02/ObjectLocalBounds.uasset" 3342
"../../../Engine/Content/Functions/Engine_MaterialFunctions02/SafeNormalize.uasset" 3343
"../../../Engine/Content/Functions/Engine_MaterialFunctions02/UVs/BoundingBoxBased_0-1_UVW.uasset" 3344
"../../../Engine/Content/Functions/Engine_MaterialFunctions02/WorldPositionOffset/ObjectScale.uasset" 3345
"../../Plugins/Editor/SpeedTreeImporter/Content/SpeedTree9/SpeedTreeBranchMotion.uasset" 3346
"../../Plugins/Editor/SpeedTreeImporter/Content/SpeedTree9/SpeedTreeCameraFacing.uasset" 3347
"../../Plugins/Editor/SpeedTreeImporter/Content/SpeedTree9/SpeedTreeWind.uasset" 3348
"../../Plugins/Editor/SpeedTreeImporter/Content/SpeedTree9/SpeedTreeWindMotion.uasset" 3349
"../../Plugins/Editor/SpeedTreeImporter/Content/SpeedTree9/UnpackDirection.uasset" 3350
"../../Plugins/Editor/SpeedTreeImporter/Content/SpeedTree9/UnpackInteger3.uasset" 3351
"../../Plugins/Editor/SpeedTreeImporter/Content/SpeedTree9/Empty.uasset" 3352
"../../Plugins/Editor/SpeedTreeImporter/Content/SpeedTree9/EmptyNormal.uasset" 3353
"../../Plugins/Editor/SpeedTreeImporter/Content/SpeedTree9/game_wind_noise.uasset" 3354
"/SpeedTreeImporter/SpeedTree9/SpeedTreeBillboardMaster" 3355
"../../Plugins/Editor/SpeedTreeImporter/Content/SpeedTree9/SpeedTreeBillboardMaster.uasset" 3356
"../../Plugins/Editor/SpeedTreeImporter/Content/SpeedTree9/SpeedTreeBillboard.uasset" 3357
"/Engine/BasicShapes/BasicShapeMaterial" 3358
"../../../Engine/Content/BasicShapes/BasicShapeMaterial.uasset" 3359
"/Engine/EditorMaterials/Dataflow/DataflowVertexMaterial" 3360
"../../../Engine/Content/EditorMaterials/Dataflow/DataflowVertexMaterial.uasset" 3361
"/Engine/EditorMaterials/Dataflow/DataflowTwoSidedVertexMaterial" 3362
"../../../Engine/Content/EditorMaterials/Dataflow/DataflowTwoSidedVertexMaterial.uasset" 3363
"C:/Users/kalde/AppData/Local/UnrealEngine/Editor/UInteractiveToolsPresetCollectionAsset_DefaultCollection.json" 3364
"/Engine/EngineMaterials/NaniteHiddenSectionMaterial" 3365
"../../../Engine/Content/EngineMaterials/NaniteHiddenSectionMaterial.uasset" 3366
"/Engine/EngineMaterials/RemoveSurfaceMaterial" 3367
"../../../Engine/Content/EngineMaterials/RemoveSurfaceMaterial.uasset" 3368
"/Engine/EngineDebugMaterials/DebugMeshMaterial" 3369
"../../../Engine/Content/EngineDebugMaterials/DebugMeshMaterial.uasset" 3370
"/Engine/EngineMaterials/EmissiveMeshMaterial" 3371
"../../../Engine/Content/EngineMaterials/EmissiveMeshMaterial.uasset" 3372
"../../../Engine/Content/EngineMaterials/DefaultWhiteGrid_Low.uasset" 3373
"/Engine/EngineMaterials/M_InvalidLightmapSettings" 3374
"../../../Engine/Content/EngineMaterials/M_InvalidLightmapSettings.uasset" 3375
"../../../Engine/Content/EngineMaterials/InvalidLightmapSettings.uasset" 3376
"/Engine/EngineMaterials/GizmoMaterial" 3377
"../../../Engine/Content/EngineMaterials/GizmoMaterial.uasset" 3378
"/Engine/EngineMaterials/PhAT_JointLimitMaterial" 3379
"../../../Engine/Content/EngineMaterials/PhAT_JointLimitMaterial.uasset" 3380
"/Engine/EngineMaterials/FlattenMaterial" 3381
"../../../Engine/Content/EngineMaterials/FlattenMaterial.uasset" 3382
"../../../Engine/Content/EngineMaterials/BaseFlattenDiffuseMap.uasset" 3383
"../../../Engine/Content/EngineMaterials/BaseFlattenEmissiveMap.uasset" 3384
"../../../Engine/Content/EngineMaterials/BaseFlattenGrayscaleMap.uasset" 3385
"../../../Engine/Content/EngineMaterials/BaseFlattenLinearColor.uasset" 3386
"../../../Engine/Content/EngineMaterials/BaseFlattenNormalMap.uasset" 3387
"../../../Engine/Content/Functions/Engine_MaterialFunctions02/PivotPainter2/Black_1x1_EXR_Texture.uasset" 3388
"/Engine/EngineMaterials/FlattenMaterial_VT" 3389
"../../../Engine/Content/EngineMaterials/FlattenMaterial_VT.uasset" 3390
"../../../Engine/Content/EngineMaterials/BaseFlattenDiffuseMap_VT.uasset" 3391
"../../../Engine/Content/EngineMaterials/BaseFlattenEmissiveMap_VT.uasset" 3392
"../../../Engine/Content/EngineMaterials/BaseFlattenGrayscaleMap_VT.uasset" 3393
"../../../Engine/Content/EngineMaterials/BaseFlattenLinearColor_VT.uasset" 3394
"../../../Engine/Content/EngineMaterials/BaseFlattenNormalMap_VT.uasset" 3395
"../../../Engine/Content/EngineMaterials/Black_1x1_EXR_Texture_VT.uasset" 3396
"/Engine/EngineMaterials/FlattenMaterial_WS_Normal_VT" 3397
"../../../Engine/Content/EngineMaterials/FlattenMaterial_WS_Normal_VT.uasset" 3398
"/Engine/EngineMaterials/DefaultBokeh" 3399
"../../../Engine/Content/EngineMaterials/DefaultBokeh.uasset" 3400
"/Engine/EngineMaterials/MiniFont" 3401
"../../../Engine/Content/EngineMaterials/MiniFont.uasset" 3402
"/Engine/EngineMaterials/WeightMapPlaceholderTexture" 3403
"../../../Engine/Content/EngineMaterials/WeightMapPlaceholderTexture.uasset" 3404
"/Engine/EngineMaterials/WeightMapArrayPlaceholderTexture" 3405
"../../../Engine/Content/EngineMaterials/WeightMapArrayPlaceholderTexture.uasset" 3406
"/Engine/EngineMaterials/DefaultWhiteGrid" 3407
"../../../Engine/Content/EngineMaterials/DefaultWhiteGrid.uasset" 3408
"/Engine/EngineMaterials/PreintegratedSkinBRDF" 3409
"../../../Engine/Content/EngineMaterials/PreintegratedSkinBRDF.uasset" 3410
"/Engine/EngineMaterials/LTC/GGX_LTCAmp" 3411
"../../../Engine/Content/EngineMaterials/LTC/GGX_LTCAmp.uasset" 3412
"/Engine/EngineMaterials/LTC/GGX_LTCMat" 3413
"../../../Engine/Content/EngineMaterials/LTC/GGX_LTCMat.uasset" 3414
"/Engine/EngineMaterials/EnergyConservation/GGX_ReflectionEnergy" 3415
"../../../Engine/Content/EngineMaterials/EnergyConservation/GGX_ReflectionEnergy.uasset" 3416
"/Engine/EngineMaterials/EnergyConservation/GGX_TransmissionEnergyArray" 3417
"../../../Engine/Content/EngineMaterials/EnergyConservation/GGX_TransmissionEnergyArray.uasset" 3418
"/Engine/EngineMaterials/EnergyConservation/SheenLegacy_Energy" 3419
"../../../Engine/Content/EngineMaterials/EnergyConservation/SheenLegacy_Energy.uasset" 3420
"/Engine/EngineMaterials/DefaultPhysicalMaterial" 3421
"../../../Engine/Content/EngineMaterials/DefaultPhysicalMaterial.uasset" 3422
"/Engine/EngineMaterials/DefaultDestructiblePhysicalMaterial" 3423
"../../../Engine/Content/EngineMaterials/DefaultDestructiblePhysicalMaterial.uasset" 3424
"/MeshModelingToolset/Materials/M_DynamicMeshComponentVtxColor" 3425
"../../Plugins/Runtime/MeshModelingToolset/Content/Materials/M_DynamicMeshComponentVtxColor.uasset" 3426
"/Niagara/ParameterDefinitions/SpriteRenderer" 3427
"../../Plugins/FX/Niagara/Content/ParameterDefinitions/SpriteRenderer.uasset" 3428
"/Niagara/ParameterDefinitions/RibbonRenderer" 3429
"../../Plugins/FX/Niagara/Content/ParameterDefinitions/RibbonRenderer.uasset" 3430
"/Niagara/ParameterDefinitions/MeshRenderer" 3431
"../../Plugins/FX/Niagara/Content/ParameterDefinitions/MeshRenderer.uasset" 3432
"/Niagara/ParameterDefinitions/LightRenderer" 3433
"../../Plugins/FX/Niagara/Content/ParameterDefinitions/LightRenderer.uasset" 3434
"/Niagara/ParameterDefinitions/DecalRenderer" 3435
"../../Plugins/FX/Niagara/Content/ParameterDefinitions/DecalRenderer.uasset" 3436
"/Niagara/ParameterDefinitions/CoreParameters" 3437
"../../Plugins/FX/Niagara/Content/ParameterDefinitions/CoreParameters.uasset" 3438
"/DeformerGraph/Deformers/DG_LinearBlendSkin_Morph_Cloth" 3439
"../../Plugins/Animation/DeformerGraph/Content/Deformers/DG_LinearBlendSkin_Morph_Cloth.uasset" 3440
"/DeformerGraph/DeformerFunctions/DG_Function_LinearBlendSkin_Morph_Cloth" 3441
"../../Plugins/Animation/DeformerGraph/Content/DeformerFunctions/DG_Function_LinearBlendSkin_Morph_Cloth.uasset" 3442
"/DeformerGraph/Deformers/DG_LinearBlendSkin_Morph_Cloth_RecomputeNormals" 3443
"../../Plugins/Animation/DeformerGraph/Content/Deformers/DG_LinearBlendSkin_Morph_Cloth_RecomputeNormals.uasset" 3444
"/DeformerGraph/DeformerFunctions/DG_Function_LinearBlendSkin_Morph_Cloth_PositionOnly" 3445
"../../Plugins/Animation/DeformerGraph/Content/DeformerFunctions/DG_Function_LinearBlendSkin_Morph_Cloth_PositionOnly.uasset" 3446
"/DeformerGraph/DeformerFunctions/DG_Function_ComputeNormalsTangents" 3447
"../../Plugins/Animation/DeformerGraph/Content/DeformerFunctions/DG_Function_ComputeNormalsTangents.uasset" 3448
"/Engine/EditorResources/SequenceRecorder/Countdown" 3449
"../../../Engine/Content/EditorResources/SequenceRecorder/Countdown.uasset" 3450
"/Engine/EditorResources/SequenceRecorder/RecordingIndicator" 3451
"../../../Engine/Content/EditorResources/SequenceRecorder/RecordingIndicator.uasset" 3452
"/Engine/EditorMaterials/PhAT_UnselectedMaterial" 3453
"../../../Engine/Content/EditorMaterials/PhAT_UnselectedMaterial.uasset" 3454
"/Engine/EditorMaterials/PhAT_NoCollisionMaterial" 3455
"../../../Engine/Content/EditorMaterials/PhAT_NoCollisionMaterial.uasset" 3456
"/Engine/BasicShapes/Cube" 3457
"../../../Engine/Content/BasicShapes/Cube.uasset" 3458
"/Engine/BasicShapes/Sphere" 3459
"../../../Engine/Content/BasicShapes/Sphere.uasset" 3460
"../../../Engine/Content/EngineMaterials/DefaultMaterial.uasset" 3461
"/Engine/BasicShapes/Cylinder" 3462
"../../../Engine/Content/BasicShapes/Cylinder.uasset" 3463
"/Engine/BasicShapes/Cone" 3464
"../../../Engine/Content/BasicShapes/Cone.uasset" 3465
"/Engine/BasicShapes/Plane" 3466
"../../../Engine/Content/BasicShapes/Plane.uasset" 3467
"../../../Engine/Documentation/Source/Shared/Types/ABrush/ABrush.INT.udn" 3468
"../../../Engine/Content/Internationalization/icudt64l/brkitr/en_US.res" 3469
"../../../Engine/Content/Internationalization/icudt64l/brkitr/en.res" 3470
"../../../Engine/Content/Internationalization/icudt64l/brkitr/root.res" 3471
"../../../Engine/Content/Internationalization/icudt64l/brkitr/char.brk" 3472
"../../../Engine/Content/Internationalization/icudt64l/brkitr/word.brk" 3473
"/Engine/EditorLandscapeResources/DefaultAlphaTexture" 3474
"../../../Engine/Content/EditorLandscapeResources/DefaultAlphaTexture.uasset" 3475
"/Engine/EditorResources/S_Terrain" 3476
"../../../Engine/Content/EditorResources/S_Terrain.uasset" 3477
"../../../Engine/Plugins/FX/Niagara/Shaders/Private/NiagaraDataInterfaceTexture2DArrayTemplate.ush" 3478
"../../../Engine/Plugins/FX/Niagara/Shaders/Private/NiagaraDataInterfaceActorComponentTemplate.ush" 3479
"../../../Engine/Plugins/FX/Niagara/Shaders/Private/NiagaraDataInterfaceArrayTemplate.ush" 3480
"../../../Engine/Plugins/FX/Niagara/Shaders/Private/NiagaraDataInterfaceArrayRWTemplate.ush" 3481
"../../../Engine/Plugins/FX/Niagara/Shaders/Private/NiagaraDataInterfaceAsyncGpuTrace.ush" 3482
"../../../Engine/Plugins/FX/Niagara/Shaders/Private/NiagaraDataInterfaceAsyncGpuTraceTemplate.ush" 3483
"../../../Engine/Plugins/FX/Niagara/Shaders/Private/NiagaraDataInterfaceCamera.ush" 3484
"../../../Engine/Plugins/Experimental/ChaosNiagara/Shaders/NiagaraDataInterfaceChaosDestruction.ush" 3485
"../../../Engine/Plugins/FX/Niagara/Shaders/Private/NiagaraDataInterfaceCollisionQuery.ush" 3486
"../../../Engine/Plugins/FX/Niagara/Shaders/Private/NiagaraDataInterfaceCollisionQueryTemplate.ush" 3487
"../../../Engine/Plugins/FX/Niagara/Shaders/Private/NiagaraDataInterfaceCurveTemplate.ush" 3488
"../../../Engine/Plugins/FX/Niagara/Shaders/Private/NiagaraDataInterfaceCubeTextureTemplate.ush" 3489
"../../../Engine/Plugins/FX/Niagara/Shaders/Private/DataChannel/NiagaraDataInterfaceDataChannelCommon.ush" 3490
"../../../Engine/Plugins/FX/Niagara/Shaders/Private/DataChannel/NiagaraDataInterfaceDataChannelTemplateCommon.ush" 3491
"../../../Engine/Plugins/FX/Niagara/Shaders/Private/DataChannel/NiagaraDataInterfaceDataChannelTemplateReadCommon.ush" 3492
"../../../Engine/Plugins/FX/Niagara/Shaders/Private/DataChannel/NiagaraDataInterfaceDataChannelTemplate_Read.ush" 3493
"../../../Engine/Plugins/FX/Niagara/Shaders/Private/DataChannel/NiagaraDataInterfaceDataChannelTemplate_Consume.ush" 3494
"../../../Engine/Plugins/FX/Niagara/Shaders/Private/DataChannel/NiagaraDataInterfaceDataChannelTemplateWriteCommon.ush" 3495
"../../../Engine/Plugins/FX/Niagara/Shaders/Private/DataChannel/NiagaraDataInterfaceDataChannelTemplate_Append.ush" 3496
"../../../Engine/Plugins/FX/Niagara/Shaders/Private/NiagaraDataInterfaceDebugDraw.ush" 3497
"../../../Engine/Plugins/FX/Niagara/Shaders/Private/NiagaraDataInterfaceDebugDrawTemplate.ush" 3498
"../../../Engine/Plugins/FX/Niagara/Shaders/Private/NiagaraDataInterfaceDynamicMeshTemplate.ush" 3499
"../../../Engine/Plugins/FX/Niagara/Shaders/Private/NiagaraDataInterfaceEmitterPropertiesTemplate.ush" 3500
"../../../Engine/Plugins/FX/Niagara/Shaders/Private/NiagaraDataInterfaceExportTemplate.ush" 3501
"../../../Engine/Plugins/FX/Niagara/Shaders/Private/NiagaraDataInterfaceGBufferTemplate.ush" 3502
"../../../Engine/Plugins/Experimental/ChaosNiagara/Shaders/NiagaraDataInterfaceGeometryCollection.ush" 3503
"../../../Engine/Plugins/FX/Niagara/Shaders/Private/NiagaraTransformUtils.ush" 3504
"../../../Engine/Plugins/Runtime/HairStrands/Shaders/Private/NiagaraStrandsExternalForce.ush" 3505
"../../../Engine/Plugins/Runtime/HairStrands/Shaders/Private/NiagaraHookeSpringMaterial.ush" 3506
"../../../Engine/Plugins/Runtime/HairStrands/Shaders/Private/NiagaraAngularSpringMaterial.ush" 3507
"../../../Engine/Plugins/Runtime/HairStrands/Shaders/Private/NiagaraConstantVolumeMaterial.ush" 3508
"../../../Engine/Plugins/Runtime/HairStrands/Shaders/Private/NiagaraCosseratRodMaterial.ush" 3509
"../../../Engine/Plugins/Runtime/HairStrands/Shaders/Private/NiagaraStaticCollisionConstraint.ush" 3510
"../../../Engine/Plugins/Runtime/HairStrands/Shaders/Private/NiagaraDataInterfaceHairStrands.ush" 3511
"../../../Engine/Plugins/Runtime/HairStrands/Shaders/Private/NiagaraDataInterfaceHairStrandsTemplate.ush" 3512
"../../../Engine/Plugins/FX/Niagara/Shaders/Private/NiagaraDataInterfaceIntRenderTarget2D.ush" 3513
"../../../Engine/Plugins/FX/Niagara/Shaders/Private/NiagaraDataInterfaceLandscape.ush" 3514
"../../../Engine/Plugins/FX/Niagara/Shaders/Private/NiagaraDataInterfaceMemoryBufferTemplate.ush" 3515
"../../../Engine/Plugins/FX/Niagara/Shaders/Private/NiagaraDataInterfaceMeshRendererInfoTemplate.ush" 3516
"../../../Engine/Plugins/FX/Niagara/Shaders/Private/NiagaraDataInterfaceOcclusion.ush" 3517
"../../../Engine/Plugins/FX/Niagara/Shaders/Private/NiagaraDataInterfacePhysicsAsset.ush" 3518
"../../../Engine/Plugins/Experimental/ChaosNiagara/Shaders/NiagaraDataInterfacePhysicsField.ush" 3519
"../../../Engine/Plugins/FX/Niagara/Shaders/Private/NiagaraDataInterfacePlatformSetTemplate.ush" 3520
"../../../Engine/Plugins/Runtime/HairStrands/Shaders/Private/NiagaraDataInterfaceVelocityGrid.ush" 3521
"../../../Engine/Plugins/Runtime/HairStrands/Shaders/Private/NiagaraDataInterfaceVelocityGridTemplate.ush" 3522
"../../../Engine/Plugins/Runtime/HairStrands/Shaders/Private/NiagaraDataInterfacePressureGrid.ush" 3523
"../../../Engine/Plugins/Runtime/HairStrands/Shaders/Private/NiagaraDataInterfacePressureGridTemplate.ush" 3524
"../../../Engine/Plugins/FX/Niagara/Shaders/Private/NiagaraDataInterfaceRenderTarget2DTemplate.ush" 3525
"../../../Engine/Plugins/FX/Niagara/Shaders/Private/NiagaraDataInterfaceRenderTarget2DArrayTemplate.ush" 3526
"../../../Engine/Plugins/FX/Niagara/Shaders/Private/NiagaraDataInterfaceRenderTargetCubeTemplate.ush" 3527
"../../../Engine/Plugins/FX/Niagara/Shaders/Private/NiagaraDataInterfaceRenderTargetVolumeTemplate.ush" 3528
"../../../Engine/Plugins/FX/Niagara/Shaders/Private/NiagaraDataInterfaceRigidMeshCollisionQuery.ush" 3529
"../../../Engine/Plugins/FX/Niagara/Shaders/Private/NiagaraDistanceFieldQueries.ush" 3530
"../../../Engine/Plugins/FX/Niagara/Shaders/Private/NiagaraDataInterfaceSceneCapture2DTemplate.ush" 3531
"../../../Engine/Plugins/FX/Niagara/Shaders/Private/NiagaraDataInterfaceSimCacheReaderTemplate.ush" 3532
"../../../Engine/Plugins/FX/Niagara/Shaders/Private/NiagaraDataInterfaceSimpleCounterTemplate.ush" 3533
"../../../Engine/Plugins/FX/Niagara/Shaders/Private/NiagaraDataInterfaceSkeletalMesh.ush" 3534
"../../../Engine/Plugins/FX/Niagara/Shaders/Private/NiagaraBaryCentricUtils.ush" 3535
"../../../Engine/Plugins/FX/Niagara/Shaders/Private/NiagaraDataInterfaceSkeletalMeshTemplate.ush" 3536
"../../../Engine/Plugins/FX/Niagara/Shaders/Private/NiagaraDataInterfaceSocketReaderTemplate.ush" 3537
"../../../Engine/Plugins/FX/Niagara/Shaders/Private/NiagaraDataInterfaceSparseVolumeTextureTemplate.ush" 3538
"../../../Engine/Plugins/FX/Niagara/Shaders/Private/NiagaraDataInterfaceSplineTemplate.ush" 3539
"../../../Engine/Plugins/FX/Niagara/Shaders/Private/NiagaraDataInterfaceSpriteRendererInfoTemplate.ush" 3540
"../../../Engine/Plugins/FX/Niagara/Shaders/Private/NiagaraDataInterfaceStaticMeshTemplate.ush" 3541
"../../../Engine/Plugins/FX/Niagara/Shaders/Private/NiagaraDataInterfaceTextureTemplate.ush" 3542
"../../../Engine/Plugins/FX/Niagara/Shaders/Private/NiagaraDataInterfaceVirtualTexture.ush" 3543
"../../../Engine/Plugins/FX/Niagara/Shaders/Private/NiagaraDataInterfaceVirtualTextureTemplate.ush" 3544
"../../../Engine/Plugins/FX/Niagara/Shaders/Private/NiagaraDataInterfaceVolumeCache.ush" 3545
"../../../Engine/Plugins/FX/Niagara/Shaders/Private/NiagaraDataInterfaceVolumeTextureTemplate.ush" 3546
"D:/OneDrive - La Horde/B2/Quetes/Q7_Portal/Q7_Portal/Q7_Poral/Intermediate/ShaderAutogen/PCD3D_SM5/AutogenShaderHeaders.ush" 3547
"C:/Users/kalde/AppData/Local/Temp/UnrealShaderWorkingDir/43457D0A456CF9570CEEA9A7C56B352A/4/WorkerOutputOnly.out" 3548
"C:/Users/kalde/AppData/Local/Temp/UnrealShaderWorkingDir/43457D0A456CF9570CEEA9A7C56B352A/5/WorkerOutputOnly.out" 3549
"C:/Users/kalde/AppData/Local/Temp/UnrealShaderWorkingDir/43457D0A456CF9570CEEA9A7C56B352A/1/WorkerOutputOnly.out" 3550
"C:/Users/kalde/AppData/Local/Temp/UnrealShaderWorkingDir/43457D0A456CF9570CEEA9A7C56B352A/6/WorkerOutputOnly.out" 3551
"C:/Users/kalde/AppData/Local/Temp/UnrealShaderWorkingDir/43457D0A456CF9570CEEA9A7C56B352A/0/WorkerOutputOnly.out" 3552
"C:/Users/kalde/AppData/Local/Temp/UnrealShaderWorkingDir/43457D0A456CF9570CEEA9A7C56B352A/3/WorkerOutputOnly.out" 3553
"C:/Users/kalde/AppData/Local/Temp/UnrealShaderWorkingDir/43457D0A456CF9570CEEA9A7C56B352A/2/WorkerOutputOnly.out" 3554
"C:/Users/kalde/AppData/Local/Temp/UnrealShaderWorkingDir/43457D0A456CF9570CEEA9A7C56B352A/8/WorkerOutputOnly.out" 3555
"C:/Users/kalde/AppData/Local/Temp/UnrealShaderWorkingDir/43457D0A456CF9570CEEA9A7C56B352A/7/WorkerOutputOnly.out" 3556
